iso3,period,admin_level,service,admin_name,pop_total,pop_covered,pop_coverage_pct,area_coverage_pct,tiles,tests,devices,d_median_pop,d_mean_pop,d_median_tile,d_p10_pop,d_p90_pop,divide_ratio,u_median_pop,lat_median_pop,pct_above_bb,pct_above_hi,density
TUN,2026Q2,ADM2,fixed,Balta Bouawene,41615.08888280431,10798.331886291504,25.948116839787556,0.9720167284910377,12.0,198.0,44.0,23.886035150783776,22.32129094517962,22.989,11.220141274847666,24.539308070874014,2.1870765679113235,11.034319609120015,21.173320278406173,95.28442778496643,3.374615366586241,140.06702720538607
TUN,2026Q2,ADM2,fixed,Bou Salem,35503.90578969939,13715.147201538086,38.62996731339121,1.179523755399058,14.0,357.0,66.0,24.495201263899634,27.47525410369284,24.829,19.490213428984124,43.82113454069187,2.2483660684559235,13.927397879661315,20.0,100.0,50.95685037182965,124.11188450329938
TUN,2026Q2,ADM2,fixed,Carthage,21079.038299560547,20197.374755859375,95.81734455257595,81.73769243306813,28.0,1984.0,379.0,29.48582008217337,34.72435539500701,29.5845,22.568306373718197,52.391882910565485,2.321480488743195,13.87683195617345,13.67534748250535,100.0,75.95051389828227,2570.5930085780797
TUN,2026Q2,ADM2,fixed,El Hencha,18136.837417857165,1776.4823379516602,9.794884835889698,0.19039307985594894,4.0,102.0,19.0,14.190099886275306,13.96939120699265,13.99,7.706148377896097,15.996,2.0757451343503934,3.7934257692042954,28.958454792955965,94.81618737666611,0.0,34.42950941144734
TUN,2026Q2,ADM2,fixed,Jendouba Nord,48800.5226723084,23238.808521270752,47.61999923098671,1.9346051356480398,24.0,581.0,121.0,19.992219658268194,20.374689072502722,20.0075,13.012524196412704,27.055321632971623,2.0791755100390317,9.276695884078142,22.20021740482867,99.39652446634267,26.38672428569191,162.8505815670336
TUN,2026Q2,ADM2,fixed,Jendouba Sud,72771.38484597269,49282.51956939697,67.7223879601961,2.959156896535365,31.0,792.0,231.0,29.120367394477462,28.570377165581558,28.426,15.125058623529673,41.89821850726925,2.7701194124358133,13.650728212254872,17.540250513244388,92.97323566227121,68.0632924330607,287.49279624008176
TUN,2026Q2,ADM2,fixed,Kerkennah,98534.16439245676,47080.639739990234,47.781031107617,2.6593569977813227,16.0,232.0,51.0,17.84013286585726,21.841391904036243,24.073999999999998,10.78924258046558,36.41238910878465,3.3748790832371274,5.658398294125304,21.21947311085769,90.1880560109451,34.502884867902,648.3425445513233
TUN,2026Q2,ADM2,fixed,Menzel Chaker,55962.647374580854,1297.9315185546875,2.319281841452392,0.015299930737326706,1.0,15.0,1.0,23.094,23.094,23.094,23.094,23.094,1.0,8.563,23.0,100.0,0.0,34.20828082288885
TUN,2026Q2,ADM2,fixed,أريانة المدينة,124034.18511581421,123835.60499572754,99.83989887956997,81.2521838185393,63.0,8375.0,2170.0,31.515528392903185,31.67760809754686,31.639,23.271708532528226,42.039424924845385,1.8064606157336676,14.650933037436014,16.25146595095718,100.0,83.8755892096609,6683.281605622385
TUN,2026Q2,ADM2,fixed,أكودة,41215.53884887695,33887.907150268555,82.22119156205558,29.117248169775202,53.0,1923.0,449.0,20.374316585627707,21.245859684640077,20.922,13.228983040223618,31.87730700293186,2.4096566535769797,8.605870505130847,23.0,97.29433688346393,22.843271824316698,923.0307868826119
TUN,2026Q2,ADM2,fixed,أم العرائس,40703.911822956026,24337.88762664795,59.792502825052715,0.5209421938220303,20.0,228.0,74.0,20.834194320285246,20.508437013050948,20.686999999999998,9.635166618647002,25.554991728563817,2.6522625648327733,10.301951800662271,33.967953403088636,89.1548536865826,23.745568935080136,41.74292680586941
TUN,2026Q2,ADM2,fixed,أوتيك,21414.120897144665,1966.2016525268555,9.181799532984922,0.38154762445243195,6.0,64.0,12.0,16.88284348129775,17.649966309802444,19.246499999999997,14.258498667363765,23.79818421336504,1.6690525958274016,9.017623992174393,29.88445933288942,100.0,2.659775740612414,57.145851121834724
TUN,2026Q2,ADM2,fixed,أولاد حفوز,36990.07251018504,1623.21337890625,4.3882405974178775,0.11858198033165368,2.0,27.0,6.0,7.835000000000001,7.835,7.835000000000001,4.126,11.544,2.797867183713039,7.9185,34.5,50.0,0.0,87.57940668249016
TUN,2026Q2,ADM2,fixed,البطان,21785.457276553534,6540.605155944824,30.022804079417284,1.0727558255844014,7.0,139.0,25.0,20.156252538290907,19.218512977263735,19.959,11.554502829994256,24.155,2.090526988084351,7.486218290390315,22.909589112966025,91.75143063703625,0.0,139.27081956535122
TUN,2026Q2,ADM2,fixed,البقالطة,55522.193950653076,32633.63998413086,58.775847390207474,9.81909214466645,16.0,345.0,69.0,24.448602154521396,27.277838609302766,23.7785,17.135590351033304,34.67825999388339,2.0237563622540864,7.4338811180101425,27.127870062511544,93.59573500387376,37.28495938376447,1378.854402518362
TUN,2026Q2,ADM2,fixed,التحرير,16879.7607421875,16879.7607421875,100.0,100.55263524061455,7.0,1356.0,255.0,30.29687210466669,29.46562371136929,29.814,21.996879904159176,36.429,1.6560985084576472,14.217042197490386,19.586328140538008,100.0,66.6528039114208,10120.33040084393
TUN,2026Q2,ADM2,fixed,الجديدة,52188.23486998763,21700.917572021484,41.582011014710965,2.893308649713898,22.0,610.0,95.0,21.27465115460837,21.140593828897817,19.506999999999998,13.734982014232095,30.736675282535167,2.2378387718808828,14.087756226966771,18.469850991580866,96.94525917905271,16.178470177547467,286.68125695381707
TUN,2026Q2,ADM2,fixed,الجم,42536.8048420661,18773.43585205078,44.1345698666231,1.2165901103619188,14.0,171.0,55.0,24.25207461733228,22.53903702985526,23.7575,14.697501731376965,28.37487820638677,1.9305919281377362,15.666966346863568,28.263042805352505,96.93055496100247,40.60252948658457,148.3962475571961
TUN,2026Q2,ADM2,fixed,الحامة,16539.208393383684,9018.909099578857,54.53047621787489,0.2438400966018041,25.0,403.0,127.0,19.76138592382542,20.31882746026671,20.333,9.177965136746623,35.08514296854884,3.822758361553954,11.362493224678504,32.09822356456005,84.32137141917025,26.403298274552995,6.259637862517327
TUN,2026Q2,ADM2,fixed,الحرائرية,117219.92641258275,112891.50506591797,96.30743553665961,38.77462458239922,39.0,4168.0,781.0,22.90687325735145,25.72262842921999,23.554,19.06707735724382,36.27511565121846,1.9025000513483041,13.388518179033596,19.5261326463982,98.80249336506253,35.11863812987176,4859.424619164388
TUN,2026Q2,ADM2,fixed,الحمامات,106733.52911466363,83554.55427932739,78.2833238743234,11.608372837536725,156.0,6844.0,2097.0,25.347949524682015,32.087141144223686,23.935499999999998,15.501782307376075,62.67483228084125,4.043072663394276,15.539098744681917,24.0,97.60209129455166,52.893419437327715,327.9290091295807
TUN,2026Q2,ADM2,fixed,الدهماني,29397.029520405482,12115.472106933594,41.213252851019625,0.4052111449767435,9.0,152.0,36.0,20.784083265748468,20.2542361797874,20.124,15.527327251867309,22.632464657831907,1.457589209701891,14.88202656760309,36.97793521542571,96.90033463241883,0.0,54.00322458089618
TUN,2026Q2,ADM2,fixed,الرديف,16663.086614829117,7945.039199829102,47.68047711375699,0.4415000454083177,7.0,168.0,26.0,20.118102308299925,19.823385247006282,20.246,10.600506581032466,27.045,2.5512931663465728,9.441892643427396,27.6999386769089,100.0,40.60748701892053,41.26860768972358
TUN,2026Q2,ADM2,fixed,الرقاب,49594.034668206645,10988.256492614746,22.156407652912762,0.3397886226832469,14.0,182.0,43.0,16.49509490751869,17.850462927927307,16.686500000000002,8.290217669922223,29.577326001351935,3.567738167920677,9.147460094221046,26.925219660072905,83.6112189905167,22.09820826437741,47.805282519485395
TUN,2026Q2,ADM2,fixed,الزاوية قصيبة الثريات,57080.056020736694,43762.82814025879,76.66921021303855,23.62197251836033,35.0,1379.0,193.0,19.59044030279363,20.47075745617653,18.59,13.194314959148997,26.649509862252284,2.019772147683453,14.406342132170545,26.0,92.0578553912795,16.570253313935062,1565.2799406150014
TUN,2026Q2,ADM2,fixed,الزريبة,28726.729784483487,11806.350784301758,41.098833291768784,0.7645410399103088,11.0,381.0,81.0,15.576768663599806,19.353701233446973,15.379,9.307986657861141,35.723,3.8378868935990393,5.112622913018522,33.49967383065192,80.27650867488921,28.06158373369394,82.29296735968379
TUN,2026Q2,ADM2,fixed,الزهراء,33838.2633972168,33605.134033203125,99.31104808400762,84.80959630763843,25.0,2510.0,543.0,29.985036351540565,31.571393774957453,30.078,21.5882883516355,42.50984002679459,1.9691158156859665,14.625967874332249,13.962313386363885,100.0,85.97560774944759,4780.972578519517
TUN,2026Q2,ADM2,fixed,الزهور (1),36464.1748046875,36464.1748046875,100.0,85.47427396936793,10.0,1438.0,290.0,23.872063057347077,24.26175331298837,23.793,19.326043811710434,28.47276132130627,1.4732845272788562,12.096217029081727,23.122539190870352,100.0,43.97438316805465,12998.141238026952
TUN,2026Q2,ADM2,fixed,الزهور (2),80767.6845703125,77586.55859375,96.061387678146,55.178124853717456,7.0,109.0,28.0,21.201781582848596,19.153703664320144,20.444,7.475111275705912,23.972,3.2069087824697573,10.269378203636577,25.188835320414373,86.63586182512401,0.0,25473.788993918617
TUN,2026Q2,ADM2,fixed,الساحلين,31848.370816230774,22337.841186523438,70.13809690742322,13.316805464827738,23.0,1101.0,192.0,21.153568165692487,22.363421260368092,20.926,17.01801050553604,27.76864569048625,1.6317210335164016,14.010111261227312,22.96150101001882,100.0,26.348161236585753,748.6752046442865
TUN,2026Q2,ADM2,fixed,السبيخة,42194.81089603792,5158.518039703369,12.225479697997065,0.09174091704503261,4.0,79.0,11.0,12.400693791550983,12.025222523092912,10.095,6.961263643750997,15.376,2.208794377986641,2.3901358898617384,25.954520519038848,54.55154586496164,0.0,39.45778811641511
TUN,2026Q2,ADM2,fixed,السرس,23757.046635899922,8293.019644737244,34.90762034454836,0.3947368937249607,7.0,104.0,38.0,31.619291971622143,29.858406322530975,20.469,16.596044705428156,40.513,2.4411238170953586,12.219906550121765,25.0,99.8810933320621,60.76577855054175,54.8513371818324
TUN,2026Q2,ADM2,fixed,السند,31567.23310316968,9314.63037109375,29.507275283364837,0.2311329033121517,7.0,145.0,33.0,16.908871688687018,17.615700686363365,18.928,9.428632248178424,29.1089799912394,3.0872961448743688,6.055823453851405,23.0,76.67988345926666,15.493826924276219,41.08225683050732
TUN,2026Q2,ADM2,fixed,السواسي,26125.178257420877,2779.5636615753174,10.639405535102062,0.5723324589541796,8.0,104.0,17.0,33.55254582222483,30.316445339628956,25.64,15.1617177977222,38.307,2.526560678088534,22.227035883540122,20.486724908957818,96.04306473751947,61.90466973118157,75.12817254216878
TUN,2026Q2,ADM2,fixed,السيجومي,28089.153076171875,26681.7568359375,94.9895383587472,132.2241670004436,11.0,1229.0,208.0,19.338646122828216,20.132016169303714,19.227,15.81422721960251,24.88346983919556,1.5734862977276107,11.804075839442254,26.631968152715334,100.0,6.918799194906754,14079.148537939736
TUN,2026Q2,ADM2,fixed,الشابة,79344.72049349548,53651.65466308594,67.61843047576706,5.680812960594684,27.0,388.0,113.0,18.425630912054217,18.72973106581847,18.057,9.683805194187654,28.49284660564494,2.9423192675072314,10.56015296074372,23.82080371917573,90.14540696856193,18.062226431716887,669.2276590162508
TUN,2026Q2,ADM2,fixed,الشبيكة,36216.84747417558,809.788501739502,2.235944203362597,0.2409179403502178,5.0,64.0,8.0,13.170817244854186,12.30183197831873,13.199,3.867,17.422553299519354,4.505444349500738,4.295640575268903,42.98628035739377,79.82140908272555,0.0,70.64940062800844
TUN,2026Q2,ADM2,fixed,الشراردة,73080.66988480091,4840.45947265625,6.623447048701662,0.0757528111670279,1.0,10.0,2.0,9.42,9.42,9.42,9.42,9.42,1.0,2.462,19.0,0.0,0.0,221.27705455814282
TUN,2026Q2,ADM2,fixed,الصمار,15134.38566133178,1453.4236145019531,9.603453004474687,0.03966003036213019,3.0,26.0,4.0,4.907156871325461,5.2244147519878155,5.083,3.6901906649171075,10.429312066108857,2.826225800542241,1.1402678693139932,34.289307716142595,6.127220790166503,0.0,7.591410272840751
TUN,2026Q2,ADM2,fixed,العالية,30489.892952919025,11469.467041015625,37.617275530373966,2.510230203572105,9.0,313.0,66.0,23.181758704505746,23.038826697057875,23.108,10.177290934638053,36.1902807365856,3.5559837061759967,9.020471784934484,16.772349677451405,95.37743691390888,29.85815962587659,358.13663941258886
TUN,2026Q2,ADM2,fixed,العامرة,40629.66910707982,5712.929656982422,14.060980024045852,0.9731826844584052,7.0,56.0,20.0,16.69481131460241,17.307153903932466,10.674,6.905837298612945,20.946852354454776,3.03320965274725,13.026575654979176,26.695710793795207,81.0737965096916,4.363576312246599,224.95559208067075
TUN,2026Q2,ADM2,fixed,العروسة,10881.854985031712,1682.3278045654297,15.459935892175713,0.2688793452815678,4.0,143.0,9.0,12.062796771254414,13.535605414340749,11.985,11.643732605483377,15.544,1.3349671043355866,6.075091451039654,37.23251027964899,100.0,0.0,30.177236179902167
TUN,2026Q2,ADM2,fixed,العلاء,34525.26710373304,4194.894821166992,12.150216850062893,0.20510248389703484,3.0,61.0,7.0,49.10516666419608,48.61216649780881,33.335,27.159126415730036,54.591,2.0100425604404553,16.52147974610033,11.83177978577037,100.0,95.70001744565272,95.56844676779474
TUN,2026Q2,ADM2,fixed,العمران,41540.14111328125,38880.644287109375,93.59776650994192,86.7437270590238,18.0,1318.0,378.0,24.37506569100003,31.081515503034638,25.644,18.11091472566071,39.08890380877937,2.158306435698452,15.306640701571856,17.587789546732576,100.0,50.33522592726801,8353.885045546587
TUN,2026Q2,ADM2,fixed,العمران الأعلى,53101.7705078125,53101.7705078125,100.0,95.70767562539983,13.0,3229.0,583.0,25.097974626133368,26.336251939752444,25.563,21.00647610377606,31.803172398922396,1.5139698939416857,12.745316568658879,23.0,100.0,53.83489761100623,16320.839748916436
TUN,2026Q2,ADM2,fixed,الفحص,51431.77092254958,17814.81202697754,34.63775737725351,0.3369487094666017,13.0,226.0,54.0,16.513196780144852,16.368028792830213,16.719,10.297531709402282,22.216614697830654,2.157469899077418,5.337541457328168,21.426068955663006,90.29066669056022,0.0,54.975545463440724
TUN,2026Q2,ADM2,fixed,القصر,26321.843357233265,19726.986114501953,74.94530624915735,1.7163051654626842,19.0,384.0,99.0,21.32749224774776,20.27599318817647,22.368,12.028754702747573,25.98929107028473,2.160596978866676,9.975864661108973,27.0,100.0,17.171107707652727,93.3949960958642
TUN,2026Q2,ADM2,fixed,القصرين الجنوبية,23546.567144053508,1993.1608200073242,8.46476179654358,0.14426727802813427,5.0,84.0,8.0,18.085063395830808,21.707349175911524,18.911,10.756,39.513,3.673577538118259,6.700514017956039,18.916149562794807,100.0,24.15339098872322,27.20608755359256
TUN,2026Q2,ADM2,fixed,القصرين الشمالية,25342.853236638017,17947.482292175293,70.81871218126585,6.89966910296886,27.0,517.0,148.0,29.21295925332252,27.146564457498155,22.49,15.127115469048999,34.76529121721638,2.2982102098941657,16.76127989769849,18.260620093684068,99.55209319130785,60.79067131784489,259.2120745405415
TUN,2026Q2,ADM2,fixed,القصور,14810.738657528553,4364.736709594727,29.47008120608526,0.21387019590806058,4.0,56.0,11.0,21.903299109661077,20.75463523494543,23.018500000000003,8.54916576907478,26.186059195015748,3.062995841037446,7.583740489688449,37.332119517856164,88.90023413428513,4.915885876740317,32.272309281540224
TUN,2026Q2,ADM2,fixed,القطار,40913.573483159955,23755.095825195312,58.061649968006144,0.1911952706324014,7.0,111.0,17.0,21.46480535722242,20.25545439652661,22.796,13.046445932516773,31.91369936165622,2.4461603969947845,14.815367831289663,26.278886325398034,100.0,17.50250697906126,43.83166950798035
TUN,2026Q2,ADM2,fixed,القلعة الخصباء,6915.072563654838,2462.1087379455566,35.604958809633274,0.48022980764558154,4.0,44.0,10.0,18.665780461701022,18.81892823152482,18.883000000000003,18.63970722716854,19.03353876484594,1.0211286332385825,10.173830197073153,38.34966626187696,100.0,0.0,33.647327560639376
TUN,2026Q2,ADM2,fixed,القلعة الصغرى,46330.2679155174,36519.637466430664,78.8245764799455,8.358710012584327,35.0,1140.0,291.0,19.953408064175992,22.807076557246454,20.044,15.737396663738746,30.418353486695203,1.9328707369233133,11.192659976655822,22.036339409486107,100.0,24.445276187997063,450.1058867198932
TUN,2026Q2,ADM2,fixed,القلعة الكبرى,64575.99886459131,41850.869689941406,64.8087066801677,3.689002185485585,35.0,1301.0,239.0,18.521326025346653,18.538970044343227,18.405,11.566092445067065,23.949875222055073,2.0706971983670845,10.402788135841572,25.0,95.73575039796701,5.298914668748181,277.2456838568042
TUN,2026Q2,ADM2,fixed,القيروان الجنوبية,78056.458802924,42021.44142913818,53.834675661156254,1.473211793357668,31.0,788.0,229.0,23.53260364715345,22.796483036166368,23.568,16.77645942842826,28.122886184972682,1.67633023552738,16.163377289608157,23.38582110080359,98.18544968541855,28.438837355456982,150.2378890805993
TUN,2026Q2,ADM2,fixed,القيروان الشمالية,39516.071732000055,30722.174980163574,77.74602493011673,4.715234634425656,48.0,2290.0,485.0,29.474328284989657,31.165687456969952,29.475,18.326282646445076,49.59602062683875,2.706278277142002,13.42640989421525,21.044666559908862,99.5875849453947,63.08791755400966,157.35681310842332
TUN,2026Q2,ADM2,fixed,الكاف الشرقية,41433.61404283255,25528.778198242188,61.61368924239018,1.1114252065380255,18.0,546.0,143.0,36.07974378312481,37.41442145551471,33.7355,19.470690001298276,57.377459368074305,2.9468631755858916,14.72414509974702,13.286174568691854,100.0,80.21467263675515,105.00204268781631
TUN,2026Q2,ADM2,fixed,الكاف الغربية,43323.7222630183,35607.63780212402,82.18970102788045,1.8271655458546905,16.0,426.0,116.0,34.62565232202746,31.35203385788181,32.125,16.623251486281575,40.63592339324305,2.4445231684534194,12.915967465158387,11.0,95.14057022056465,72.53917275539722,202.99086971950962
TUN,2026Q2,ADM2,fixed,الكبارية,76373.57215118408,75118.30126953125,98.3564067434636,66.23718774299385,28.0,3687.0,655.0,24.031532868322643,25.858498278307337,24.603,19.57340811110224,36.689219293938535,1.8744420535087107,13.174370721316008,19.71430591767756,100.0,41.28337040507654,7525.736639591033
TUN,2026Q2,ADM2,fixed,الكرم,90260.66711425781,90260.66711425781,100.0,94.50689144729984,38.0,5713.0,1441.0,32.00929204418933,33.94599311189728,38.0525,22.86097425098961,46.77927933548412,2.0462504713008514,15.47454223740129,15.574716359878993,100.0,75.68537701175988,9375.463995035932
TUN,2026Q2,ADM2,fixed,الكريب,21019.85371889008,5570.122421264648,26.499339604151963,0.2848375189823357,5.0,32.0,10.0,17.72383259806769,17.432099992383648,10.275,13.046693806779388,18.493,1.4174472302239955,4.649689519214025,25.195564416648487,95.1480427911582,0.0,49.352193273701005
TUN,2026Q2,ADM2,fixed,المتلوي,21720.83792748426,17479.217224121094,80.47211291975034,0.5503558940098067,21.0,397.0,87.0,16.38455129852556,17.252826271828575,16.406,10.795546418185342,23.8215466405135,2.2066086993415697,10.445170122588646,27.80420070464478,97.81477842888158,5.049598261216293,22.316698957851372
TUN,2026Q2,ADM2,fixed,المحمدية,89223.72459933192,69835.89764404297,78.27054738820652,9.140308845211406,37.0,2330.0,443.0,19.618239078513938,20.70700160094417,21.518,15.596306080509011,27.692026374056567,1.7755503278217781,11.28764036114804,21.0,100.0,17.158483307546806,916.3984068953814
TUN,2026Q2,ADM2,fixed,المدينة,18505.5810546875,18505.5810546875,100.0,111.60202316168402,7.0,1726.0,199.0,21.144932339312106,21.693755585335143,21.165,17.927,25.58264446186181,1.4270454879155359,10.410612788848816,20.0,100.0,10.326374999679297,12305.208387850382
TUN,2026Q2,ADM2,fixed,المدينة الجديدة,67689.00079345703,67689.00079345703,100.0,80.21659822460279,27.0,3182.0,625.0,30.969383318365445,30.52656836806369,32.486,22.15170935261628,40.98707425703566,1.8502894564294554,15.602786497292191,16.0,100.0,68.63919924316777,8374.813329806217
TUN,2026Q2,ADM2,fixed,المرسى,100309.27582168579,98145.95097351074,97.84334516379056,75.00106882983954,96.0,8196.0,2062.0,30.886886369896015,33.661954515438495,30.872,20.497291164100915,51.02045708770037,2.489131694487412,15.58388407516479,16.0,100.0,75.13407271977178,3276.4121475688676
TUN,2026Q2,ADM2,fixed,المرناقية,51140.18887799702,27211.648485660553,53.209910019257514,3.398103956786199,37.0,900.0,221.0,28.137579488969713,30.570487670607644,19.886,16.366244613705497,51.18833034471318,3.127677213247003,13.826401188229173,22.0,96.77159419682233,59.66740505903153,195.62655778338885
TUN,2026Q2,ADM2,fixed,المروج,124478.97229003906,119100.48181152344,95.67919755476161,66.1289555489998,44.0,7095.0,1466.0,33.12061834714884,33.60066537351269,34.5375,25.987155821423336,42.415699133600455,1.6321793514099656,17.34186120533138,11.62259706272051,100.0,92.58195952368794,7787.073225278182
TUN,2026Q2,ADM2,fixed,المزونة,20723.78659659318,1981.8885498046875,9.56335146845458,0.04464492851605488,2.0,17.0,3.0,17.268837346512743,17.268837346512743,17.454500000000003,14.835,20.074,1.3531513313110888,10.501845233671546,24.85052561246311,100.0,0.0,18.248889643611598
TUN,2026Q2,ADM2,fixed,المضيلة,15665.267252593083,10158.014320373535,64.84418144026283,0.23764608237955615,6.0,132.0,35.0,24.105073987525188,28.040574398280256,23.497500000000002,21.54641073391534,41.977108393644286,1.948218146958918,20.49603682071445,24.95584988392163,100.0,36.28822073324127,24.309927686804194
TUN,2026Q2,ADM2,fixed,المطوية,85521.14399495962,33094.05410003662,38.69692634372044,1.1306291546762237,18.0,303.0,70.0,18.67867379417946,21.49837572976479,18.0885,10.464931836531893,39.76158364460765,3.7995071793783173,11.296571764646007,21.0,95.20826602223177,27.955682777897696,208.94181835783513
TUN,2026Q2,ADM2,fixed,المكناسي,27533.513552518267,10082.336044311523,36.6184142284644,0.2843587011306994,7.0,69.0,22.0,20.50107978346823,18.406281859306688,19.719,8.852666211577134,23.884,2.697944260991738,5.58498898663342,24.131803572624577,71.75009987613052,0.0,44.141912911019595
TUN,2026Q2,ADM2,fixed,المكنين,99682.3539454937,55625.347187042236,55.8026019504497,5.134532387394817,41.0,1283.0,304.0,23.348394031600886,23.4503568349375,22.202,15.479864797439296,30.50384194092666,1.9705496359356223,10.781402615497182,27.44936077252698,99.44263346204818,43.07309070248655,505.18193333365366
TUN,2026Q2,ADM2,fixed,المنزه,43400.45910644531,41646.12780761719,95.95780474458715,90.81254689671087,38.0,3330.0,972.0,35.15357615893577,35.84518773076239,34.583,26.74583314059148,49.30203155885215,1.843353740363679,15.264567586253438,15.0,100.0,93.84409196222853,4330.567161642014
TUN,2026Q2,ADM2,fixed,المنستير,119072.71086832881,104966.61824035645,88.15337912011515,30.53386717111135,77.0,4114.0,1254.0,26.23225633121613,28.49483871248477,25.928,16.895858046692087,42.326613111146635,2.505147296702901,12.947075904493772,20.0,99.28728986453794,56.72272336672369,1917.7239308898477
TUN,2026Q2,ADM2,fixed,المهدية,24914.738419786096,16532.69012069702,66.35706882464216,8.820923231567116,59.0,2679.0,840.0,30.772762666396822,31.97668134058186,30.746,20.508730955986007,44.20061693016417,2.1552097506678285,12.919793643799764,15.025652572341121,97.246492375157,74.25576407845226,150.30040941616875
TUN,2026Q2,ADM2,fixed,الميدة,31113.44240063491,5888.910339355469,18.92722207824647,1.4177593053765225,9.0,153.0,21.0,14.33680366339488,15.661860880390135,15.175,7.971483837162358,24.985227761032654,3.1343258383782597,4.965850218093447,35.16868981504992,87.01321791415432,10.24544435166789,204.01048791404236
TUN,2026Q2,ADM2,fixed,الناظور,33202.44015223771,640.2481689453125,1.9283166116998856,0.06828893721537772,1.0,10.0,1.0,4.801,4.801,4.801,4.801,4.801,1.0,4.436,40.0,0.0,0.0,92.90109374903322
TUN,2026Q2,ADM2,fixed,النفيضة,56476.562284503045,11961.381103515625,21.179371795435543,0.4447422152540079,7.0,105.0,46.0,13.98368017019163,13.384792923288666,14.583,7.258,19.51490847235266,2.68874462280968,3.695333674491899,37.94733463313643,68.93111532828723,2.538134301722195,147.13013771473283
TUN,2026Q2,ADM2,fixed,الهوارية,44766.47945185853,15637.948253631592,34.93227174687368,2.078029122375081,27.0,763.0,124.0,13.674284942806128,15.805079380133414,15.651,7.718389376552028,23.387696935392313,3.0301265969351894,6.139910116579697,42.0,88.27408370599564,3.746113462122247,144.53457004209753
TUN,2026Q2,ADM2,fixed,الوردانين,24528.747126579285,12265.767211914062,50.00568169510342,2.879408650484104,6.0,106.0,23.0,16.442185147592753,15.945794174127062,16.368000000000002,13.318219088761897,18.410598698032032,1.3823619040452007,5.561447995569786,24.13905662020458,100.0,0.0,477.46367700312334
TUN,2026Q2,ADM2,fixed,الوردية,38643.89219093323,38634.077392578125,99.97460194147472,85.49949400562072,14.0,1577.0,266.0,26.69236829776,26.816963546480252,25.371000000000002,21.18868285058345,33.37856247929419,1.5753014340093858,12.548219336634135,21.056944752911804,100.0,56.71910592948488,9836.407621477863
TUN,2026Q2,ADM2,fixed,الوسلاتية,30084.18967218555,6626.640621185303,22.02698724277752,0.1879696929047038,7.0,113.0,23.0,15.473003070537587,13.669394357717279,15.426,7.365,18.459180603915435,2.506338167537737,4.67318805745168,35.914120482630025,76.9798292006221,0.5755317980840787,32.88975520823368
TUN,2026Q2,ADM2,fixed,بئر الأحمر,5386.238705869895,2852.112112045288,52.951832768515644,0.7491865544449927,7.0,97.0,11.0,16.304744302446405,16.81066573021118,14.294,10.962248295060315,25.836579150670282,2.3568686327158335,6.277884075952252,36.14849337647688,97.84946125545682,1.1660976936616663,21.999958800713298
TUN,2026Q2,ADM2,fixed,بئر الحفي,28178.27667108207,5436.02392578125,19.291541456685195,0.19514394511241742,4.0,41.0,9.0,13.56830049958451,13.787946113346413,13.029,6.462,19.420218906971886,3.005295404978627,5.685940251966015,21.719087594997507,61.88170625880212,0.0,54.6982103180362
TUN,2026Q2,ADM2,fixed,بئر علي بن خليفة,38073.19834717171,3158.799421310425,8.296648452033917,0.12575742620021016,6.0,90.0,21.0,21.914960510460343,20.722472527351176,19.3935,9.073205647486187,31.765656815325123,3.501040100873949,18.487209357896393,33.59921478588651,81.87575171871644,18.835988282546793,31.592897011730148
TUN,2026Q2,ADM2,fixed,بئر مشارقة,27885.659742009197,5972.040412902832,21.416170419328722,0.4960788474556096,11.0,191.0,55.0,18.071275397187065,22.474451188032603,18.682,13.699142082084464,37.9579235063684,2.770824864719756,4.9928855041466,29.451719321335023,100.0,21.19560062023935,52.07567853032869
TUN,2026Q2,ADM2,fixed,باب بحر,34822.446746349335,33126.01232910156,95.12833078730856,39.1817655339569,18.0,2158.0,788.0,28.04623353954741,30.550172232000786,28.1,23.58327677819816,42.838811186251256,1.8164910495327817,16.944862334997513,17.89435107659769,100.0,73.55768122222118,3161.881216817846
TUN,2026Q2,ADM2,fixed,باب سويقة,21290.68408203125,21290.68408203125,100.0,77.03004826994244,7.0,666.0,189.0,21.2526789754703,24.751444496198047,21.362,19.58728768831093,37.03518788325217,1.8907767360436327,12.91601621492539,21.637119496882057,100.0,25.500939234719354,9773.806508856851
TUN,2026Q2,ADM2,fixed,باجة الجنوبية,41139.254531339815,20593.24981689453,50.057420951093384,1.1202133788965551,17.0,576.0,140.0,30.745434817309807,28.67016032081374,30.311,20.741544441784672,34.657135227721696,1.670904272581723,14.292835106902876,19.563294361644576,98.97111160423441,70.72950499987199,112.79047189229252
TUN,2026Q2,ADM2,fixed,باجة الشمالية,77292.31361148425,46285.55773162842,59.883778307227715,1.1233316601178969,20.0,746.0,194.0,24.17935529473275,27.678310267985466,23.804000000000002,17.924789249086444,44.96894602667772,2.508757308204871,12.298128550488805,22.247540274635533,99.83838887908568,35.62161119700282,180.76460606861963
TUN,2026Q2,ADM2,fixed,باردو,86177.70458984375,86177.70458984375,100.0,106.13957900222438,30.0,4388.0,1003.0,31.8284096416482,31.04514157212516,32.467,23.423052740790915,35.964242911751086,1.535420822799919,14.820241225385008,16.742308213430377,100.0,79.17865535385265,12720.720906644574
TUN,2026Q2,ADM2,fixed,برج العامري,19842.423977613515,4915.032852172852,24.770324723017996,1.2436688105411284,9.0,127.0,20.0,16.303179351675837,17.090800752746123,12.424,5.8882787480744865,28.446,4.830953359553854,6.047303839225387,23.291986160944035,72.81709791382536,22.109609255455247,114.11151498120206
TUN,2026Q2,ADM2,fixed,برقو,12776.964580814218,583.8427124023438,4.569494645692585,0.054471843275448295,1.0,7.0,4.0,26.761,26.761,26.761,26.761,26.761,1.0,11.968,24.0,100.0,100.0,28.503879368587913
TUN,2026Q2,ADM2,fixed,بن عروس,36847.316162109375,36847.316162109375,100.0,81.50768683589585,22.0,1939.0,381.0,26.88163032547465,27.249767939779034,27.573,19.49933601546969,36.96214391013182,1.8955591042078617,15.327984117331942,17.0,100.0,57.316628444383845,5686.718931585419
TUN,2026Q2,ADM2,fixed,بن قردان,87637.1087115808,28519.20057296753,32.54237958354605,0.15816636382131474,29.0,334.0,64.0,18.745029619957286,17.895131630700263,15.882,7.643262926880517,26.881735503245874,3.5170496894337835,7.645418892843609,42.122389877877104,68.25892801301497,16.54203308329684,18.230567061037664
TUN,2026Q2,ADM2,fixed,بنبلة,37581.63877618313,23699.255920410156,63.060730431556514,8.069290640511868,16.0,566.0,85.0,22.09629429914174,22.29831831278625,20.6385,9.011023379481372,35.425198318650665,3.9313179898429644,10.917683815999462,23.005185155679474,86.8948293046629,35.34287644614714,768.3230113159462
TUN,2026Q2,ADM2,fixed,بنزرت الجنوبية,64250.37358910619,28137.65874481201,43.79376674874747,1.5821055762674106,27.0,427.0,112.0,22.496879459937023,21.863561212525166,23.017,10.02625675576276,31.55785151645731,3.1475207831994627,16.088603955071537,19.0,91.56027595013398,25.90697357734789,158.92260940684952
TUN,2026Q2,ADM2,fixed,بنزرت الشمالية,96967.80351591202,91527.87593078613,94.38996513493964,26.901723670851247,62.0,3510.0,840.0,23.395230869012632,25.170212615655736,23.517,17.59823876231053,36.104747245445076,2.051611398907101,12.706615069748274,22.0,98.74350864578014,38.19868824336064,1777.9183331892948
TUN,2026Q2,ADM2,fixed,بني حسان,15474.749686837196,1717.4838638305664,11.098621293315368,1.4250589726922696,5.0,213.0,10.0,15.454489479353718,12.374642506517086,8.014,1.8832945480148617,17.239,9.153639837258194,2.779028237874762,45.782442349892264,65.9391785172711,0.0,178.21795672899
TUN,2026Q2,ADM2,fixed,بني خداش,81361.8605637018,231.83285522460938,0.28494045443208266,0.03846270121108494,2.0,11.0,2.0,6.0184999999999995,6.0185,6.0184999999999995,5.244,6.793,1.2953852021357743,6.026,46.5,0.0,0.0,59.84478732326592
TUN,2026Q2,ADM2,fixed,بني خلاد,42558.68844997883,23054.227127075195,54.17043608891257,5.890909716983423,28.0,649.0,142.0,20.616771249255066,22.33614747492382,18.097,11.634234948547904,39.83452269957998,3.4239056436239337,12.878308794480862,23.298314188888217,95.82703204721459,20.03287223020811,371.9266037290044
TUN,2026Q2,ADM2,fixed,بني خيار,49396.926092028625,32265.630340576172,65.31910564731072,6.821212612695556,30.0,812.0,245.0,20.849748351576856,21.805555835808722,19.680500000000002,15.118894201189338,28.77615852132617,1.9033242867102327,12.751043364858885,24.37821162033431,100.0,36.20291661386343,464.5317557468521
TUN,2026Q2,ADM2,fixed,بو عرقوب,34804.69690624004,9338.912521362305,26.83233399940327,2.979802003693506,16.0,364.0,61.0,17.874572497158905,19.940777360748232,18.984,10.801554301551654,30.80744946165752,2.8521311472027686,10.149103259371039,24.620218094175456,93.2655704407453,20.534979037987032,268.5190129988208
TUN,2026Q2,ADM2,fixed,بوحجلة,24388.258036196326,810.625171661377,3.323833832077187,0.10805715905789341,3.0,48.0,9.0,17.481853470181772,18.960093338574104,18.034,16.089,39.55077625012244,2.458249502773475,10.309951631634135,24.380265914180608,100.0,5.70723719388458,35.37282467502521
TUN,2026Q2,ADM2,fixed,بورويس,11855.828624130834,1713.8736572265625,14.455958428230138,0.1766659092313794,2.0,57.0,3.0,11.1355,11.135499999999999,11.1355,8.635,13.636,1.579154603358425,1.6044999999999998,29.0,50.0,0.0,42.98495166898153
TUN,2026Q2,ADM2,fixed,بوعرادة,21981.329516844336,7469.576110839844,33.9814573323051,0.31863868283036906,5.0,84.0,22.0,17.922129727190192,16.822114392591985,17.838,11.485401333478945,18.804612544823474,1.6372621207418905,5.2677691070544785,24.0,96.85804970496571,0.0,57.75242385942834
TUN,2026Q2,ADM2,fixed,بوفيشة,30050.646119465076,9941.0581741333,33.0810130824244,1.0200228938810028,11.0,422.0,52.0,17.31297373581253,18.972177516141084,18.793,12.947479757357796,30.125800566928458,2.3267694664522307,7.931689700566612,30.07321225413762,100.0,17.837481275060785,114.74437425854138
TUN,2026Q2,ADM2,fixed,بومرداس,26196.59100165969,3235.734420776367,12.351738516554947,1.037850633816538,8.0,124.0,18.0,18.05639107585374,18.31179574485439,18.458,9.774920578953598,26.349814862418654,2.6956551359765006,5.978788945789358,32.62720216617688,91.94895302982347,15.048397980711714,136.9646288478337
TUN,2026Q2,ADM2,fixed,بومهل البساتين,53974.88480758667,45966.43161010742,85.16263031217514,40.48767424704726,34.0,2545.0,620.0,24.73647338671049,26.034646451220777,23.422,16.046489406861618,39.47708943230774,2.4601698497010194,15.08490138684386,21.303084753983516,93.36395507472885,48.13904256940276,2675.679531741014
TUN,2026Q2,ADM2,fixed,تاجروين,28433.573213326228,10333.724464416504,36.34339021299406,0.34039682906132845,10.0,244.0,57.0,29.545585045057802,33.15424290566163,23.335,17.136315888060402,58.992,3.442513570907165,15.555996105314394,21.0,99.58473070649228,60.65928410259722,39.459659881266425
TUN,2026Q2,ADM2,fixed,تاكلسة,25422.774510114446,5161.859916687012,20.304077804857084,1.032829336668303,12.0,162.0,25.0,14.06602905479872,14.323373988908855,13.0455,7.936354852948275,20.990996085088135,2.64491652326889,3.7344811413785006,29.41741099741014,86.81398338899696,0.0,91.27502254973732
TUN,2026Q2,ADM2,fixed,تالة,45359.26892522119,13462.649993896484,29.68004183685338,0.24163052234568067,7.0,187.0,28.0,11.393394593406677,12.063394637138025,11.706,10.817018329015735,16.251527978092252,1.5024036646493337,6.454925765301457,44.40005702705864,95.87070769378846,2.4458385895049286,63.292902249414446
TUN,2026Q2,ADM2,fixed,تبرسق,22160.213090720663,8012.117706298828,36.15541815188506,0.4888088886671526,8.0,157.0,28.0,16.644331876057958,17.717838456724067,17.119,7.489637272530688,32.28246235738473,4.310283820524295,5.4000416614497055,24.555654415760504,71.64134390507347,14.318708905406202,55.966754378622674
TUN,2026Q2,ADM2,fixed,تستور,36459.2232054393,12957.350509643555,35.53929395761362,0.48735346004584096,13.0,269.0,44.0,17.351065982777563,14.756959653357121,17.302,3.5533288874282984,23.07778605584128,6.494694633387481,4.487054050147907,35.28232353256371,70.16440588194935,6.055617013591471,56.678802455128796
TUN,2026Q2,ADM2,fixed,تطاوين الجنوبية,7995.709617023669,3413.812358856201,42.695552019396146,0.19440201169971114,14.0,339.0,50.0,28.807230173763337,27.990716564334214,18.917,11.729026211729,41.91776224443977,3.573848458324878,15.40331872333811,26.920163996055376,96.43993002637362,50.69915011774714,4.211857773521827
TUN,2026Q2,ADM2,fixed,تطاوين الشمالية,16120.093971017555,8075.952942848206,50.09867161672894,0.20412762857309039,22.0,644.0,87.0,15.97878635137383,15.857249838065627,17.243000000000002,10.786383455195915,22.26698502159627,2.0643606000183525,10.213270109827551,36.409670108435485,93.89023946224404,3.977669806082412,5.678780119578054
TUN,2026Q2,ADM2,fixed,تمغزة,5461.3123335874325,96.2802677154541,1.762951133985216,0.057220925539966966,2.0,32.0,5.0,14.315984047295776,14.315984047295775,19.4485,7.871,31.026,3.9418117138864184,9.064510851105604,20.329954468418283,27.834092193028614,27.834092193028614,6.135740544207638
TUN,2026Q2,ADM2,fixed,توزر,6958.121212782502,5940.758758068085,85.37877648860932,0.9738804665253719,31.0,1040.0,241.0,25.801096024531883,26.762467782456305,26.79,18.01350233842058,36.20265243229692,2.0097508941990214,11.970978932448235,22.18941488240272,100.0,49.57363070077337,8.489883543346636
TUN,2026Q2,ADM2,fixed,تيبار,12291.158047576337,2742.2424850463867,22.310692568037744,0.8461644677313485,4.0,43.0,7.0,7.918084613582931,13.341095438502089,10.0765,6.982,39.33566905374465,5.633868383521148,3.7787180167663976,79.9620009392415,25.907759311505746,14.568267579503747,107.61588594021167
TUN,2026Q2,ADM2,fixed,تينجة,28622.71998768382,24885.22718811035,86.94221652875167,8.163560315541485,20.0,835.0,125.0,17.393090844050512,22.04997463013921,16.111,12.908674373325551,36.41799308688756,2.821203171887394,10.321504426491137,23.18356466194115,96.24381780671992,29.696766841910442,491.91187295769373
TUN,2026Q2,ADM2,fixed,جبل الجلود,20928.16778564453,19972.43115234375,95.43325224123843,50.235674880687796,11.0,762.0,150.0,17.79593895728273,24.049243900165468,17.796,15.844133396232388,40.58837003670485,2.561728623564634,10.935771341951408,17.282214734842857,100.0,34.838902247102226,3982.7662013824624
TUN,2026Q2,ADM2,fixed,جبنيانة,55752.30412790224,11148.251655578613,19.996037526993025,1.6846962135433878,17.0,1891.0,56.0,17.68907461249318,20.725255746427525,18.735,14.528919847614054,33.476791138282834,2.3041486558810087,11.565715595026896,23.19459312599628,97.80577769888407,24.565831398289017,220.52016252922405
TUN,2026Q2,ADM2,fixed,جربة اجيم,66431.60213181376,21211.32449531555,31.929569383601475,3.0803740861367928,19.0,190.0,47.0,12.839384858185955,14.599958447021642,11.797,9.678349749095815,25.42079197956962,2.6265626515454783,4.388497092846099,46.88839717455182,82.66262934564365,10.925985115218714,416.7052313807895
TUN,2026Q2,ADM2,fixed,جربة حومة السوق,26232.741817831993,16948.315977096558,64.60748973473964,17.89661782093734,113.0,2631.0,749.0,20.83292429777513,24.854244208941104,19.346,12.94631708953248,40.976314344036304,3.165094293663407,9.502745301075596,30.0,93.62981601274724,40.31566332203074,161.11566131934825
TUN,2026Q2,ADM2,fixed,جربة ميدون,27717.195499010388,18224.913747787476,65.75309449485312,18.14505520365793,133.0,2679.0,780.0,23.37744935765146,29.28437022514191,20.191,12.918470581721744,48.55455612624989,3.758537500170446,14.70041797053385,30.762454199848428,95.00054741633649,45.71082933150705,146.44406448496454
TUN,2026Q2,ADM2,fixed,جرجيس,74523.62300685974,40911.25790023804,54.89703298036415,2.2278215342171923,76.0,1324.0,281.0,20.139120288998154,21.8187529621386,18.339,11.926991794130293,33.116970443323716,2.7766406663934977,10.341608395746556,37.0,92.97756049198385,28.533207339693107,84.07005755251302
TUN,2026Q2,ADM2,fixed,جرزونة,24088.655364990234,20593.80062866211,85.4916985469955,39.617938980014785,11.0,472.0,109.0,23.803005012807844,23.207253649836844,23.328,16.18633219637226,29.58487133831794,1.8277686988871147,15.981275016798383,24.078171292445532,100.0,20.498116421356567,3662.5454840788852
TUN,2026Q2,ADM2,fixed,جلمة,43414.632240580766,8529.880737304688,19.64747896524064,0.22339418658076204,6.0,122.0,22.0,13.898711346048547,14.006263718837772,15.3675,8.40143942050172,20.608438476031008,2.4529651937667967,4.654583413025609,25.411530334731193,89.13109809305331,0.0,64.85803134921638
TUN,2026Q2,ADM2,fixed,جمال,75823.60901743174,43014.579177856445,56.72979660987577,5.221785653876165,33.0,587.0,158.0,18.58714586344571,19.11287358474062,17.86,8.495411703779066,31.52686712436151,3.7110464123047997,6.542107785180597,24.0,85.90281057333226,21.99846661946116,485.59991965225436
TUN,2026Q2,ADM2,fixed,حاجب العيون,30584.98746945187,5109.471242904663,16.70581440652208,0.21077903775132412,5.0,200.0,29.0,16.39262224965696,16.889582419007922,13.948,11.059161778692067,22.008,1.9900242387631315,5.404250584563471,29.0,99.40887146098937,0.0,51.93353411572084
TUN,2026Q2,ADM2,fixed,حزوة,35891.38632795567,11104.7744140625,30.93994283919045,0.020080253655763887,1.0,9.0,2.0,84.298,84.298,84.298,84.298,84.298,1.0,16.864,27.0,100.0,100.0,27.869867661302596
TUN,2026Q2,ADM2,fixed,حفوز,38945.406061457754,7144.490501403809,18.344886403622173,0.2020085145817912,5.0,380.0,31.0,11.670090201655706,11.854023496912266,11.823,8.155232165864897,14.977910147649556,1.8366013183955856,3.3509539840580844,40.1725158130263,98.4309754731069,0.0,63.70792063031094
TUN,2026Q2,ADM2,fixed,حلق الوادي,56375.03756046295,51862.971618652344,91.99634069073328,38.45094791059015,33.0,3599.0,1090.0,34.73782517965171,35.87052333887953,36.64,24.05814329618551,52.35865755739715,2.176338253239134,14.776492275500507,13.295370884990927,100.0,90.59275894863815,2742.826710544063
TUN,2026Q2,ADM2,fixed,حمام الأنف,42789.00157880783,42515.591552734375,99.36102732948818,44.16067301549855,21.0,1783.0,405.0,21.282864118863447,21.467746416702628,19.886,15.400933823104797,26.6106768260287,1.7278612538485698,10.226989167428137,21.61413749198981,100.0,35.377872267111066,3745.982058245807
TUN,2026Q2,ADM2,fixed,حمام الشط,36284.11047333479,34137.96240234375,94.08515726858387,24.684758589572155,27.0,1507.0,388.0,21.725850244305867,23.99099079029513,22.733,14.498349400338904,40.83373709287758,2.8164404074799765,12.576246685902817,18.051058795693628,100.0,26.994199348100512,1380.3160114379164
TUN,2026Q2,ADM2,fixed,حمام الغزاز,16978.27621334815,7472.186283111572,44.01027636266758,6.061089385706491,24.0,786.0,118.0,19.587045018713503,20.383702370272708,20.466,12.756987949141251,29.454193964703645,2.308867428748052,12.657241666535365,26.676908106580917,98.24512351045834,26.63701578024998,179.36274543438677
TUN,2026Q2,ADM2,fixed,حمام سوسة,48389.62315368652,46747.446350097656,96.60634512822455,62.483181479675906,47.0,2925.0,932.0,26.257432169259175,31.762682591024035,30.595,17.026380980000305,58.980983659875456,3.464093968598276,14.060323427302368,21.0,100.0,54.96476473744786,2620.2515433302287
TUN,2026Q2,ADM2,fixed,حي التضامن,85345.0439453125,85345.0439453125,100.0,105.57114498312053,15.0,1966.0,375.0,29.183097908695036,28.183553186730155,24.721,18.578658005470327,37.925198504715574,2.0413314295116916,11.866242331238302,16.82389463544032,100.0,51.03003392102937,25076.14806156156
TUN,2026Q2,ADM2,fixed,حي الخضراء,33232.58753925562,31338.492553710938,94.30048899049072,35.30754317953917,54.0,3797.0,1447.0,32.13818339874493,37.927506122474774,37.6115,23.673115622036946,64.46476715112114,2.7231213744891214,22.383875615135832,15.0,98.61143764319019,86.85701097654524,907.1992522316418
TUN,2026Q2,ADM2,fixed,حيدرة,58124.66397724596,14348.776611328125,24.686210000190684,0.09964342162313045,2.0,33.0,7.0,19.145624289921955,19.145624289921955,20.049500000000002,18.403,21.696,1.1789382165951205,6.285893501101338,29.157224433315335,100.0,0.0,117.03917798249809
TUN,2026Q2,ADM2,fixed,دار شعبان الفهري,49389.636959940486,37914.635498046875,76.76637819548888,7.392965206738123,21.0,1665.0,390.0,24.87581216315828,24.773081391078904,25.143,18.00362155610772,28.74851797191463,1.5968186113177716,14.215643535873376,25.965547597057753,100.0,47.82484962541441,718.9241638206925
TUN,2026Q2,ADM2,fixed,دقاش,23653.194243447575,9230.397689819336,39.0238950173774,0.16307123130433346,9.0,122.0,30.0,20.2734969204254,21.351507651414106,20.532,12.497,35.08452065173289,2.8074354366434253,6.330588788083297,26.095509982653958,100.0,28.14752422275098,16.67083133476888
TUN,2026Q2,ADM2,fixed,دوار هيشر,97124.47040557861,94808.02844238281,97.61497596483909,55.64112211704789,21.0,1319.0,326.0,21.17956323240264,23.348387398949825,21.276,18.158112990015645,30.748571747446405,1.6933792495042685,13.362663365618014,26.0,100.0,23.08679534318264,10741.486390878406
TUN,2026Q2,ADM2,fixed,دوز الجنوبية,29098.51504061247,1208.9817123413086,4.154788347975649,0.015137123058131604,3.0,50.0,7.0,3.0001335361508237,3.0001335361508237,97.059,2.141,81.38813353615083,38.0140745147832,0.5935952202502264,46.76192339529019,0.8768010778699021,0.8768010778699021,5.5894726448403045
TUN,2026Q2,ADM2,fixed,دوز الشمالية,23211.95036210645,14443.271629333496,62.22342975931985,0.16699098941656104,17.0,215.0,53.0,24.080426094584737,26.505921366742015,26.812,18.62535095500603,33.50733398257017,1.7990175897095904,14.582445186954809,26.144313503075058,100.0,45.5848856764337,8.76049220145681
TUN,2026Q2,ADM2,fixed,ذهيبة,11069.958020950993,1911.7646484375,17.269845511783295,0.008344364065476744,1.0,9.0,1.0,20.531,20.531,20.531,20.531,20.531,1.0,19.912,40.0,100.0,0.0,3.4356528375897306
TUN,2026Q2,ADM2,fixed,رأس الجبل,64094.90784829876,45225.92060852051,70.56086376715325,12.715259734606757,45.0,1432.0,361.0,19.178389989383316,19.83270220434239,20.905,9.125827309692628,28.51814942036439,3.124993324175113,11.419684185295193,28.086577582314877,88.67280641995718,22.096194511529085,763.6884835809462
TUN,2026Q2,ADM2,fixed,رادس,75182.23997497559,66950.33172607422,89.05072760316618,49.16861672717914,40.0,3183.0,710.0,25.021860994418777,29.727970677017172,29.4465,17.23061572281601,39.27013466019293,2.2790906193905287,11.695123642052119,19.0,100.0,47.58006933746136,3851.6202813260384
TUN,2026Q2,ADM2,fixed,رواد,142005.7727675438,130916.98161315918,92.19130959377517,42.858626262055765,100.0,7204.0,1611.0,25.034927877143648,26.190967758176868,24.381500000000003,17.217552944262035,35.788355643039615,2.0785971013939313,14.068906562859233,20.0,96.50121139552198,50.69250989298535,2546.7058079716426
TUN,2026Q2,ADM2,fixed,زرمدين,34112.12576478741,15443.020202636719,45.27135104132952,1.5708545847079312,16.0,456.0,76.0,12.741127102159453,14.907205199511301,12.433,6.994899761038672,23.416005482368085,3.347582707731475,6.615011829463223,33.5887474095692,86.11662783610797,0.0,135.3831935885644
TUN,2026Q2,ADM2,fixed,زغوان,43377.540041290435,23699.48814201355,54.635389926340586,1.833968742257403,31.0,761.0,179.0,21.293267606365553,22.466383814929042,21.003,11.652615927739207,32.10355906077225,2.7550516776537104,6.955575051304486,20.0,98.53209184660288,42.944745662937954,105.9494153785286
TUN,2026Q2,ADM2,fixed,ساقية الدائر,81473.0881959796,71675.64927482605,87.97463169975063,25.58955747807896,116.0,3379.0,947.0,22.40488934260327,23.56239029773916,22.262,15.991992497336861,32.313323595915385,2.0205939692190644,15.404021203667366,23.0,99.80892282687694,30.323024706376223,712.6989733860191
TUN,2026Q2,ADM2,fixed,ساقية الزيت,133985.95950770378,122789.66277313232,91.64367910211689,26.598084076493908,98.0,3724.0,1023.0,23.444573367329163,24.265088299939677,23.229,16.320331926894898,35.2354877440705,2.158993328193564,14.683098018634801,24.0,100.0,39.79496948080391,1442.5354716030283
TUN,2026Q2,ADM2,fixed,ساقية سيدي يوسف,17431.38690991334,3707.76806640625,21.270642924560516,0.16712040934835443,5.0,88.0,20.0,18.157833977638717,23.01728340929075,17.653,12.846730117868722,38.876,3.026139698064237,6.065983703968319,27.028350125534875,100.0,31.57267608427145,23.941964929193947
TUN,2026Q2,ADM2,fixed,سبالة أوالد عسكر,31692.88499888975,3503.73779296875,11.055281944485305,0.16920407930331127,2.0,14.0,5.0,9.884,9.883999999999999,9.884,7.209,12.559,1.742127895685948,4.213,34.0,50.0,0.0,107.33093532640987
TUN,2026Q2,ADM2,fixed,سبيبة,20703.162565051025,2686.0929222106934,12.974312082855798,0.1660286587971952,3.0,41.0,9.0,32.64068329154174,32.403859385051206,25.356,10.113381972117539,40.368,3.991543097184903,10.265027926416323,18.117941224864516,98.54715350114543,98.54715350114543,46.24553569068471
TUN,2026Q2,ADM2,fixed,سبيطلة,12988.246288668084,3576.155963897705,27.53378619727754,0.26836664952858913,12.0,163.0,32.0,22.8544032268865,29.45859282530626,19.5455,15.866871127993306,59.09142500594197,3.7242014842919633,11.709143049782744,23.42793517808041,93.21779583257927,42.4348812507357,11.64147967499532
TUN,2026Q2,ADM2,fixed,سجنان,39826.07508744811,1463.398193359375,3.6744725412838655,0.07657639200670988,2.0,17.0,5.0,13.550999999999998,13.550999999999997,13.550999999999998,8.321,18.781,2.2570604494652082,3.0399999999999996,26.0,50.0,0.0,64.03297288346987
TUN,2026Q2,ADM2,fixed,سكرة,165460.98846435547,164728.43334960938,99.5572641493654,92.23863410866083,108.0,9912.0,2250.0,29.965572541388436,31.12331060714558,29.5195,21.728311210730006,40.535042003400456,1.8655403823276977,15.5136083839186,21.0,100.0,72.53098536768755,5905.937988530986
TUN,2026Q2,ADM2,fixed,سليانة الجنوبية,30181.831522909626,7782.766017913818,25.786261552769858,0.4440103815459439,9.0,137.0,35.0,44.891046385354976,43.859866365071696,41.74,16.174062232589762,79.0474649780022,4.887298184047191,12.250431380737952,7.914977505931284,100.0,79.35375221808897,60.93058638497994
TUN,2026Q2,ADM2,fixed,سليانة الشمالية,39054.11439082071,20854.130249023438,53.39803647916031,0.8849975679551373,14.0,354.0,84.0,29.956518049811297,31.563372263744128,30.5185,19.684583012485458,52.8776616879222,2.6862474889299492,13.13298565773524,16.537503558012343,100.0,57.78726297624812,101.10381071240342
TUN,2026Q2,ADM2,fixed,سليمان,62774.52650091055,39247.13626861572,62.52080016572716,8.25804017532447,49.0,2759.0,496.0,22.866357862637056,24.70415010935749,22.302,16.39168797704151,38.60484141686395,2.3551474058641535,12.325801293395,23.720575946021142,99.69849287164098,31.057332916167617,440.1922483151044
TUN,2026Q2,ADM2,fixed,سوسة الرياض,63390.98426818848,62428.658142089844,98.48191957072741,60.970619823965,25.0,1652.0,461.0,32.911321988580866,32.699333801788505,32.07,18.67729578370867,46.1306904636494,2.469880597162628,15.971557105860628,14.746557740637572,100.0,70.10715774241937,6285.313919524984
TUN,2026Q2,ADM2,fixed,سوسة المدينة,37266.47790527344,37266.47790527344,100.0,93.78452423737382,24.0,2276.0,797.0,28.277347334463688,32.162449022887635,29.6005,19.926958877100965,46.41432329797976,2.3292226166691554,18.894102480685618,22.388888737220388,100.0,68.87771817044151,5926.073505240427
TUN,2026Q2,ADM2,fixed,سوسة جوهرة,108217.40710449219,106986.14587402344,98.86223366146643,91.34937011530437,53.0,5286.0,1328.0,30.27122221647172,31.375080092973803,30.022,20.47369562285381,45.16171502689887,2.205840892568853,15.419780216824366,19.0,99.02626125431651,65.96753759042214,7588.484717518901
TUN,2026Q2,ADM2,fixed,سوسة سيدي عبد الحميد,52730.61405181885,50233.495361328125,95.26438533782903,58.33555588745133,29.0,1526.0,303.0,19.865644826288694,21.326054741761364,19.969,14.175527829375113,30.803396205655606,2.1729981822492377,12.749535418372057,26.410749278123706,98.35138620361464,22.45045227109711,4312.57441114145
TUN,2026Q2,ADM2,fixed,سوق الأحد,15407.442814586617,9126.344787597656,59.233351682198126,0.12376162896754672,8.0,120.0,26.0,16.57007800659598,16.490278747172905,17.200499999999998,12.231561812582306,21.014000594800258,1.718014503526743,6.151149464559048,26.540213648828388,100.0,7.205839220482114,9.227214481629257
TUN,2026Q2,ADM2,fixed,سوق الجديد,72468.49275258213,550.4495239257812,0.7595708190110911,0.07251469374374056,1.0,13.0,1.0,17.423,17.423,17.423,17.423,17.423,1.0,19.017,24.0,100.0,0.0,209.23627125348332
TUN,2026Q2,ADM2,fixed,سيدي البشير,31392.549926757812,31392.549926757812,100.0,70.88165167411566,8.0,1034.0,190.0,21.07682124743148,21.789275335388094,21.0975,17.609149859170323,28.206252185309914,1.6017952263959487,11.9977430436987,22.0,100.0,15.614046505586677,11596.187421113642
TUN,2026Q2,ADM2,fixed,سيدي الهاني,14855.77447663484,426.81344413757324,2.8730474120273253,0.15463474250424475,2.0,17.0,2.0,25.628071690324692,25.628071690324692,21.417,18.306471690324695,25.993,1.419880381086093,9.747511478424936,31.239244958266152,100.0,96.01258402889744,46.61963993436198
TUN,2026Q2,ADM2,fixed,سيدي بو علي,21462.800032805957,9210.893138885498,42.91561736961915,2.4755357720192475,13.0,239.0,31.0,16.409054160767887,17.57924903460308,17.983,8.61951101136508,25.320081223261653,2.937531049020806,10.457408268477405,20.7426058871663,82.8304608521609,25.510994568821822,166.87743537734158
TUN,2026Q2,ADM2,fixed,سيدي بوزيد الشرقية,41064.73027241691,4559.086278915405,11.102194629481673,0.4095290708457219,13.0,206.0,38.0,14.782274294497963,26.983020616029666,18.123,6.75258763634309,63.41865057713082,9.391755278495818,5.805353261251165,26.816133211678814,68.707137483336,38.82034293494198,51.640376893241594
TUN,2026Q2,ADM2,fixed,سيدي بوزيد الغربية,23944.179073423456,14870.03532409668,62.10292396535528,1.599156399165768,27.0,875.0,172.0,26.081587039811527,28.812618465911097,29.74,16.64353412662693,46.3744073032996,2.7863317340220513,11.435145488184828,22.24379950331129,100.0,58.01478245469895,56.57121532958395
TUN,2026Q2,ADM2,fixed,سيدي ثابت,28739.449313640594,14160.51933670044,49.272062182414324,7.071410299959432,29.0,596.0,105.0,19.583406083465206,22.320859689888827,22.562,12.763331750499285,32.96227374874998,2.582575960031795,9.126734797342468,22.968783843294638,95.00631881905441,35.36625367520628,293.0155429778974
TUN,2026Q2,ADM2,fixed,سيدي حسين,132725.3818045631,106772.46619033813,80.44615486400303,23.120811691410033,62.0,2891.0,560.0,23.30000424628321,24.627102916982945,24.021500000000003,18.927543488340998,33.327736219264125,1.7608062155447362,14.789626078727615,18.0,98.5930267604224,38.282168335990974,2061.865966982195
TUN,2026Q2,ADM2,fixed,سيدي علوان,115928.35666969528,28286.25341796875,24.399770884842564,0.9467660477922542,11.0,257.0,65.0,15.837002837345635,15.636010570086986,18.784,7.467,23.730511888003083,3.178051679121881,7.620459103632068,34.45696204987209,69.50321996728238,6.523844529784243,401.3819353890615
TUN,2026Q2,ADM2,fixed,سيدي علي بن عون,26191.273351581975,5662.91748046875,21.621390470222043,0.1638581844785215,4.0,78.0,12.0,15.22411888285124,13.135008790800095,13.3385,6.388092484689571,16.014,2.5068516209464677,4.854452493790214,26.543025383500073,80.94266757662074,0.0,42.609517331850796
TUN,2026Q2,ADM2,fixed,سيدي مخلوف,34871.91056375924,87.21412658691406,0.2500985038587237,0.07909362782999235,2.0,21.0,3.0,19.469057087475388,19.46905708747539,18.7815,11.968,25.595,2.138619652406417,4.656653470026677,76.77084805177772,100.0,55.045549919097304,52.926131634560164
TUN,2026Q2,ADM2,fixed,شربان,57051.47449112298,22.566661834716797,0.0395549142874968,0.05623787401044005,1.0,6.0,1.0,14.844,14.844,14.844,14.844,14.844,1.0,16.806,74.0,100.0,0.0,128.36961327128068
TUN,2026Q2,ADM2,fixed,صفاقس الجنوبية,48422.70511704683,41161.91806411743,85.00540803042972,18.51446318043998,144.0,4556.0,1281.0,24.89505564619844,26.478477203557162,24.8125,18.195895874490457,37.443179643670625,2.057781595473059,14.964978642831198,21.99254857167199,98.55664672207767,48.287824368675444,246.82060211172433
TUN,2026Q2,ADM2,fixed,صفاقس الغربية,122774.71899414062,122774.71899414062,100.0,99.78667389220885,64.0,3370.0,979.0,27.59313082695393,28.427788730254047,28.083,19.185081452669813,38.23089725621368,1.9927409404297023,14.614056100406566,20.0,98.857315295197,69.86604554269051,7580.415323269086
TUN,2026Q2,ADM2,fixed,صفاقس المدينة,104689.60815244913,102633.09936523438,98.03561325378153,58.65322066786357,67.0,4071.0,1258.0,28.85563481742475,32.300476735854154,28.941,20.6642407242347,48.14691103696049,2.329962744795871,16.135289718523204,22.0,100.0,66.35517154097832,3630.7402563168757
TUN,2026Q2,ADM2,fixed,صواف,14180.31666241835,1606.2279052734375,11.327165277841594,0.09613451067804614,1.0,5.0,2.0,7.246,7.246000000000001,7.246,7.246,7.246,1.0,6.26,34.0,0.0,0.0,56.02639341946788
TUN,2026Q2,ADM2,fixed,صيادة - لمطة - بوحجر,37515.818099975586,34015.61328125,90.67005600304938,48.33932506786856,25.0,766.0,166.0,13.623582808215136,15.397713561963014,16.158,10.172587458222377,24.356025648386098,2.394280289888235,5.960776292030677,33.0,100.0,8.907447325255008,2939.2515633642033
TUN,2026Q2,ADM2,fixed,طبربة,48838.36014918972,25472.216232299805,52.15616608438155,1.5034430181184977,18.0,285.0,98.0,23.209526974231782,26.53468666424201,22.418999999999997,15.055709569175782,44.799483889401436,2.9755810367862963,14.818743924197836,20.327319550446283,100.0,39.85618738151791,170.30608126734703
TUN,2026Q2,ADM2,fixed,طبرقة‎,55975.36119354147,21970.101837158203,39.249593693900366,1.6597450097981465,26.0,928.0,138.0,18.63794707363602,18.857354773244907,16.8435,10.946518501284215,24.7790553667296,2.2636471462431267,7.8950777048414595,22.941609511940413,93.92905141443131,8.028934288268609,149.61313630001487
TUN,2026Q2,ADM2,fixed,طبلبة,37713.68193435669,30889.740753173828,81.9059268913059,35.71446615593861,34.0,1389.0,259.0,20.846024573818635,23.977707810901578,20.4755,15.502705816019294,35.584412739602,2.2953678642880413,10.638320521798187,24.0,100.0,30.002706138686293,1604.1809944408164
TUN,2026Q2,ADM2,fixed,طينة,56246.152787119354,36302.60173034668,64.5423730005942,12.100622408693999,49.0,1026.0,220.0,24.072236101436722,24.976966348747336,23.749,16.346965389563007,36.44588715954854,2.2295200540901634,14.674785360397262,20.408353376111464,97.1043524281935,39.76959932740037,549.5835739326878
TUN,2026Q2,ADM2,fixed,عمدون,21657.17177939607,2816.863037109375,13.006606152467457,0.1988097763704663,2.0,23.0,6.0,15.273,15.273,15.273,10.501,20.045,1.908865822302638,5.735,31.5,100.0,0.0,89.72318979127819
TUN,2026Q2,ADM2,fixed,عين دراهم,35368.777107156646,10248.652549743652,28.976553299237207,0.7843184064987562,16.0,389.0,86.0,17.832517973006595,17.20298032150903,16.658,11.032373726249125,21.067413803749865,1.9095993597120948,6.3708091650490415,30.548589211603943,98.96402158615811,0.5355436624464496,72.27799427728208
TUN,2026Q2,ADM2,fixed,غار الدماء,65562.14040389773,22278.88948059082,33.98133334778423,0.5722105292793592,12.0,330.0,57.0,20.810249416826323,21.440724479188955,19.7705,15.24885368314109,28.079322392898735,1.8414054575094272,11.26120921185077,22.0,95.54380220476946,34.11784472550868,129.24113935541197
TUN,2026Q2,ADM2,fixed,غار الملح,20788.772518634796,8672.602722167969,41.71772390310181,3.3105695285193275,13.0,273.0,42.0,17.63523508583178,18.31664083886387,17.605,8.956766171668926,31.909367400125355,3.562599133273973,6.847896595398061,28.80006909648725,86.32195371161244,27.286601997778583,222.82709148341573
TUN,2026Q2,ADM2,fixed,غزالة,27032.797446984827,933.0016479492188,3.4513692109703706,0.17552805296487475,3.0,28.0,8.0,16.625,16.00894951171634,16.625,13.161,18.168,1.3804422156371097,6.721,21.0,100.0,0.0,66.43873583635546
TUN,2026Q2,ADM2,fixed,غمراسن,9956.572732892833,4429.961696624756,44.4928371987863,0.647815452068633,17.0,575.0,73.0,27.478450252398265,24.08740123403023,21.034,12.339485062553182,37.45338111561659,3.035246683775883,10.781642634373785,38.41379241148917,99.03256162034975,55.92783349780795,14.442501186688956
TUN,2026Q2,ADM2,fixed,غنوش,10238.05735206604,7035.528789520264,68.71937270502293,21.670187176090636,17.0,201.0,64.0,18.91450074554007,19.246251799106044,18.916,11.998705570297023,24.445834559476808,2.037372649595873,12.650910622041113,31.0,98.30656339974155,7.302085367962379,507.0743396863784
TUN,2026Q2,ADM2,fixed,فرنانة,47644.984255122756,3602.2954330444336,7.56070232651429,0.30761057318588014,5.0,184.0,17.0,45.7013366495017,48.63009831168547,17.186,14.282895887092279,80.934,5.666497931497322,9.124574347053807,34.84979384559341,91.96259623539913,82.97549483361963,121.94434196693896
TUN,2026Q2,ADM2,fixed,فريانة,44890.33978881064,14111.12045288086,31.434648343646966,0.3245934408222692,13.0,387.0,73.0,15.007056982938774,15.023289462614176,14.415,9.258494996974203,19.45293368210818,2.1010902623445444,4.388008456711559,31.318210317816565,85.86098655712266,0.0,44.61328572303415
TUN,2026Q2,ADM2,fixed,فوسانة,25523.29140734815,3501.5228385925293,13.718931397634874,0.10877414610947347,4.0,52.0,10.0,11.956032810810045,10.762475467182785,9.9755,7.438,12.718,1.7098682441516537,3.1127664445877294,43.06439540551887,67.88229499183913,0.0,27.8981560453918
TUN,2026Q2,ADM2,fixed,فوشانة,89565.45497894287,73540.07684326172,82.10763498108867,30.987827972361615,50.0,4317.0,655.0,22.500197624776607,24.702979006229974,22.772,15.1648566333796,37.72173226018725,2.487444040661576,11.81064417443264,18.0,100.0,28.525105723688654,2309.4244982293976
TUN,2026Q2,ADM2,fixed,قابس الجنوبية,33877.43893579402,29003.361297607422,85.61261479232783,5.273041101790781,60.0,2349.0,602.0,24.99605332323349,26.28950947726388,25.8695,18.637384461214545,33.4728854272758,1.7960076692593199,13.506711534201166,23.0,98.35210251202219,49.01118830429479,115.4638106804411
TUN,2026Q2,ADM2,fixed,قابس الغربية,34063.63491164385,19952.335357666016,58.57371184672303,3.004718497856175,18.0,273.0,78.0,16.998050966283834,18.049286133671117,19.006500000000003,10.136811918751004,26.177578824764133,2.5824272004436652,5.597836020913992,26.812127597203116,93.86029708703386,19.094659187659325,220.66168923597988
TUN,2026Q2,ADM2,fixed,قابس المدينة,83375.16030883789,66974.36926269531,80.3289241239347,41.41314434526626,27.0,828.0,231.0,22.606782937911333,22.275916508008972,22.553,18.431466893211518,24.96003469731665,1.3542077167232776,13.304161578323557,26.38553705559463,100.0,8.753973912993585,4962.9299036691855
TUN,2026Q2,ADM2,fixed,قبلي الجنوبية,24319.804988489766,3121.635009765625,12.835773194904533,0.11340982192367807,5.0,48.0,10.0,28.97352338290389,29.370402126133165,26.949,25.29988654825217,35.762,1.4135241251692727,10.239983186617314,17.55628888173156,100.0,90.66617690752472,21.249351894051163
TUN,2026Q2,ADM2,fixed,قبلي الشمالية,50538.62721689618,29065.18441772461,57.51083086009799,0.3116243370272155,22.0,332.0,80.0,21.79321189332354,21.508014503997888,21.799,13.827918549541984,31.105280644303846,2.2494550089271486,8.983500926350557,27.41781957059397,99.5940684645339,24.5235718318421,27.672066025892182
TUN,2026Q2,ADM2,fixed,قربة,78103.71889597178,42401.61672973633,54.28885759743664,5.605390406695699,48.0,1854.0,388.0,21.183356214802565,22.149814518032514,21.237499999999997,13.171124618284056,31.410062150932546,2.3847669095264146,11.134760230238726,20.0,93.51662917913471,27.29215078082396,378.2692972630323
TUN,2026Q2,ADM2,fixed,قرمبالية,81175.68037480714,44106.347412109375,54.334435151587314,3.660246971787165,46.0,1383.0,301.0,20.818400497412064,22.161954622223774,19.2155,13.03365054386597,33.95602195952709,2.6052579701477283,12.155126538382413,26.0,98.19436116771686,26.046946929870394,268.1391481372591
TUN,2026Q2,ADM2,fixed,قصر هلال,29294.907300949097,26355.229766845703,89.96522670679981,39.428875381694766,35.0,1764.0,406.0,22.4017672101533,23.113251278707533,22.355,18.39822084845468,30.77687334386916,1.6728179098064364,11.190288378604283,25.0,100.0,33.86357258730351,1336.5552503969573
TUN,2026Q2,ADM2,fixed,قصور الساف,54657.85226243736,25550.04425048828,46.74542301408191,4.491383052432318,40.0,868.0,208.0,21.000558205164694,24.13803927240825,20.9985,12.953254549562434,38.49664127866195,2.971966707777111,10.656559166692533,24.0,94.97942300616495,36.351324817928514,247.01073787555157
TUN,2026Q2,ADM2,fixed,قصيبة المديوني,83702.46408820152,76733.86022949219,91.67455350971966,21.491745582970967,32.0,868.0,215.0,16.67176883588071,17.351075448777564,15.802499999999998,10.159736694120948,24.503950511480724,2.4118686585313007,10.444847587050912,30.0,90.94367795110772,5.432117642855483,2277.886580372742
TUN,2026Q2,ADM2,fixed,قعفور,17875.81532392253,6414.5018672943115,35.883688386006234,0.4204165743820897,8.0,168.0,24.0,14.720289671598504,13.90720230429057,14.719000000000001,10.945,15.79082220242113,1.4427430061599937,4.0159724146135645,22.620464893309325,100.0,0.0,38.67150923637203
TUN,2026Q2,ADM2,fixed,قفصة الجنوبية,28676.374809635094,23368.832427978516,81.49158526177,1.6950185951573935,50.0,2073.0,495.0,24.13207607252125,26.113833509490718,24.689999999999998,19.078481195485256,34.50091951632,1.8083682428811116,14.55227080817046,24.0,100.0,38.75714600703508,38.21344011318876
TUN,2026Q2,ADM2,fixed,قلعة الأندلس,30009.753984935644,14617.63516998291,48.709613472075446,2.7698799155087563,22.0,483.0,101.0,21.169653446863222,22.67401524947399,22.4195,9.121173766200442,30.075969636879755,3.297379307510807,14.385288825068406,19.0,86.55438547459764,34.13930954146661,158.44522723147574
TUN,2026Q2,ADM2,fixed,قلعة سنان,16653.358974326467,2385.044735431671,14.321703742221365,0.19146770474243524,4.0,34.0,5.0,6.962534715868431,6.993030675445038,6.3345,5.8980619356642485,11.615715263978188,1.9694122222997663,0.8187085339502445,23.1192770437133,0.6943978310988244,0.0,32.41706152981808
TUN,2026Q2,ADM2,fixed,قليبية,64147.84935584701,45114.95225524902,70.32964114663159,8.379063930785707,44.0,2433.0,622.0,21.943805431697815,23.492095286824703,21.393,16.300784897491777,33.09199497115423,2.0300859853838165,12.795615303358787,25.0,98.77708534233162,32.31097995348947,510.14858308185677
TUN,2026Q2,ADM2,fixed,كسرى,16895.464438069335,989.0970458984375,5.854216375785304,0.05654890189467489,1.0,10.0,1.0,21.133,21.133,21.133,21.133,21.133,1.0,7.444,27.0,100.0,0.0,38.83937830963245
TUN,2026Q2,ADM2,fixed,كندار,12238.993430585579,3192.64363861084,26.08583505431367,0.6157557189955094,4.0,33.0,8.0,18.18499087981004,16.93456076475063,18.6145,10.894,21.69884666208283,1.9918162898919431,7.3368273736584015,29.328391001477453,100.0,0.0,76.84640544431782
TUN,2026Q2,ADM2,fixed,مارث,62749.679427745265,9008.555988311768,14.356337865733485,0.3625153218575573,14.0,162.0,32.0,19.66779259062997,16.520775462193413,10.557,7.613889670251527,21.559829443855477,2.8316445834633748,6.322159358647272,33.721900600733676,83.00526877494787,0.0,62.721979593658666
TUN,2026Q2,ADM2,fixed,ماطر,48325.566232494086,25010.89418029785,51.75499457154946,1.0103073194741923,24.0,881.0,167.0,20.53727200335729,20.39836675603688,19.450000000000003,14.016044249835495,25.380946261578128,1.8108494671651754,8.064105998496938,21.196835870397415,96.23897431985816,11.948945385134206,85.38249815919082
TUN,2026Q2,ADM2,fixed,مجاز الباب,46328.03697306722,20260.077880859375,43.73178577075813,1.2486019212793402,24.0,545.0,108.0,16.966817045600727,17.091116634173602,16.7795,13.093908610513473,22.01942937613003,1.681654426581991,7.236702143819831,27.05926588188736,98.36997241703556,0.0,100.16059701284064
TUN,2026Q2,ADM2,fixed,مدنين االجنوبية,90918.35056567412,46355.748947143555,50.986130587200726,0.8527223115763798,24.0,445.0,106.0,20.87091446265364,20.81717679961042,20.9185,12.653043224392086,26.749003317733678,2.1140371405803706,15.531353643355693,27.192904151702535,92.9379472478439,28.737303990285263,123.83464417192813
TUN,2026Q2,ADM2,fixed,مدنين الشمالية,27002.026646301216,17017.562163352966,63.02327742382278,2.341689894237836,30.0,620.0,140.0,22.18852936758297,23.134828041481935,22.006999999999998,15.73583528635149,29.828578556003404,1.895582790058516,15.82611265206115,31.951107038797097,97.03860601332428,22.502388040744556,80.7749207165935
TUN,2026Q2,ADM2,fixed,مرناق,69481.48681336126,30149.366088867188,43.39194146759317,3.124045763664054,52.0,2191.0,374.0,22.292370203257573,24.88061276258661,22.2855,13.550918613732106,39.29417211342618,2.8997423151524657,10.748385746104546,19.0,92.08722989943003,36.340002744947,173.53525602912532
TUN,2026Q2,ADM2,fixed,مساكن,107917.90605598704,75675.0295791626,70.12277419458354,5.632971859191509,76.0,3084.0,826.0,22.828514369412233,22.760854520927836,22.5035,14.87727138440806,32.241310096277815,2.1671521116478334,15.332530767925025,24.0,95.7923962979862,34.17897074812114,324.5667128456529
TUN,2026Q2,ADM2,fixed,مطماطة,68159.76384775719,13876.0283203125,20.3580933045869,0.041689296822913745,2.0,110.0,4.0,21.6485,21.648500000000002,21.6485,16.617,26.68,1.6055846422338569,5.778499999999999,59.0,100.0,50.0,54.69953132284464
TUN,2026Q2,ADM2,fixed,مطماطة الجديدة,61225.15652575866,17217.75539970398,28.12202757286561,0.17220675468179578,5.0,78.0,16.0,13.091500120830757,12.11753535526169,13.09,8.161,19.420731034934384,2.379699918506848,9.136152837058349,41.0,63.38195767167624,0.0,81.40756539569342
TUN,2026Q2,ADM2,fixed,مقرين,24697.796759605408,21701.089263916016,87.86649868060024,60.70794173493134,27.0,1619.0,414.0,26.43613555416709,33.069913880286066,24.847,21.53507301946448,54.92786180006294,2.550623429528954,14.404080366678125,17.0,100.0,52.84212291341892,2314.5057136111686
TUN,2026Q2,ADM2,fixed,مكثر,30149.12713034756,14444.037414550781,47.90864210463884,0.5716089160868987,8.0,80.0,26.0,12.208873210721679,14.113992840440623,12.217500000000001,8.086964478724543,23.127660695861966,2.85986920762506,5.193697035087898,27.742685678654624,59.12252905042023,0.0,87.70038022603998
TUN,2026Q2,ADM2,fixed,ملولش,100275.8781619072,5024.059722900391,5.01023757158073,0.46691100037723854,3.0,20.0,8.0,12.167786360752732,12.74400722470169,14.015,6.004,25.94358921522052,4.321050835313211,3.531416414084754,39.3041138942985,71.69612587291977,6.817395874535345,624.7174470446255
TUN,2026Q2,ADM2,fixed,منزل بورقيبة,65397.00153267494,51930.507385253906,79.40808625500568,7.434599796013884,40.0,1218.0,328.0,22.958857889373192,23.247424157632352,21.314999999999998,12.923901699060158,33.2507156343335,2.572807841516741,11.964752449792854,23.0,97.19905774347228,43.38041017278979,511.6616941873895
TUN,2026Q2,ADM2,fixed,منزل بوزلفة,43831.670268595626,19752.827590942383,45.06519480069831,3.9549589203683233,22.0,797.0,148.0,20.964799580115304,21.04357044559006,18.762,10.47321244869899,30.233043253152374,2.8867019934182663,10.478152601044272,27.230594562996405,93.19520090306526,18.395359305689116,327.66094981864387
TUN,2026Q2,ADM2,fixed,منزل بوزيان,24521.063653806334,3246.310302734375,13.238864139690204,0.22825584563395918,5.0,69.0,17.0,10.73470150750918,10.881597889584983,10.785,6.602968653548571,14.56455891775836,2.20575920952329,2.554700620014591,33.81786166651737,83.25392815626695,0.0,44.187566169948205
TUN,2026Q2,ADM2,fixed,منزل تميم,73136.403723572,42348.039485514164,57.90281901961404,3.5541596801358875,39.0,933.0,273.0,22.854085823933975,23.80230182090149,23.224,14.564772244496606,34.62057204072159,2.3770074436833846,11.045860596007616,21.73403855691522,99.03817407474848,41.905729721795886,277.8532968428733
TUN,2026Q2,ADM2,fixed,منزل جميل,52071.15077859214,39167.30645751953,75.21882246094371,11.609510205070245,39.0,1092.0,235.0,24.586186236037047,23.443151771116742,23.138,16.422051418353423,28.56522008779974,1.7394428600969432,11.78319755667141,22.593657196470016,98.58393168694903,48.37042450938312,653.9987064416758
TUN,2026Q2,ADM2,fixed,منوبة‬,71877.39859008789,70650.16033935547,98.2925950649226,75.73452984650179,38.0,3668.0,769.0,28.035716942519848,30.353980903879663,27.493499999999997,20.881026077586473,41.85953541315681,2.004668508990969,13.596815725482985,16.648248724203516,100.0,71.19544722356908,5976.497640139117
TUN,2026Q2,ADM2,fixed,منيهلة,121817.57667922974,118001.97355651855,96.86777292183505,54.96810818000588,53.0,3904.0,852.0,26.510690977718745,27.63579642359565,26.731,17.774166787890078,42.85526997553397,2.4110986741011224,14.894905659697402,19.0,100.0,54.018176358593195,5277.69410092245
TUN,2026Q2,ADM2,fixed,نابل,90311.8038517237,79273.97952270508,87.77809338506756,18.309328783922627,56.0,4074.0,1061.0,24.600001100171234,25.18354689979659,24.735,17.924730350690577,31.953041768242038,1.782623288779962,13.751614102185934,21.891795421692073,100.0,42.87224696515572,1220.467667472318
TUN,2026Q2,ADM2,fixed,نبر,26490.056370598162,1963.2373046875,7.411223582244,0.10127230170073565,3.0,43.0,7.0,16.309864397209566,16.12796261331954,14.178,7.8780683827528755,21.742,2.7598135664319505,5.575584074823503,64.93770664358895,91.95076553643511,0.0,36.835373924956514
TUN,2026Q2,ADM2,fixed,نصر الله,77629.15647185422,7883.418151855469,10.15522840920439,0.14523945520619125,4.0,63.0,11.0,11.891014564889462,12.256611446501923,15.0325,11.804,16.93699799529006,1.4348524225084767,3.7984057675319365,37.60128589885766,100.0,1.0082545766990478,113.31066542804375
TUN,2026Q2,ADM2,fixed,نفزة,47363.222261908755,5810.384071350098,12.267712781913113,0.2786969176281787,7.0,123.0,21.0,18.527715008755273,18.359405685873067,17.115,13.393433447869846,22.452650695576732,1.676392448804657,6.976942020918502,25.421732162514704,100.0,0.0,78.99526258028374
TUN,2026Q2,ADM2,fixed,نفطة,34390.81192074167,27179.64990234375,79.03171918413258,0.18845102958896565,12.0,362.0,60.0,21.41441111310714,23.740676899214417,22.555,11.451832912437865,41.712959097696604,3.6424701108232247,6.7072837205380305,24.192589130538476,100.0,30.38596650832533,20.95216770879468
TUN,2026Q2,ADM2,fixed,هبيرة,57643.63413669724,73.56263732910156,0.1276162379954284,0.07905312659483744,1.0,9.0,1.0,17.022,17.022,17.022,17.022,17.022,1.0,6.82,40.0,100.0,0.0,182.52260641933833
TUN,2026Q2,ADM2,fixed,هرقلة,10167.170485377408,6217.059700012207,61.14837662015882,3.478343267886451,12.0,324.0,63.0,24.137168326153486,25.18739023220391,23.73,20.773152537027023,27.877361210637734,1.3419899151536023,18.07514635771293,18.102721172517967,100.0,34.695859917827235,120.49370268790118
TUN,2026Q2,ADM2,fixed,واد مليز,18045.4808786518,1799.9193267822266,9.974349472235847,0.6050065169038703,5.0,123.0,13.0,26.049370446843056,25.18414729091131,13.401,12.435605343470103,34.221,2.751856387752715,24.349664249730708,19.83222625044882,100.0,37.53116258079687,90.29445175253011
TUN,2026Q2,ADM2,fixed,وادي اللیل‬,79747.44778442383,61313.90980529785,76.88510605511016,19.700853515272858,47.0,1337.0,340.0,19.512825170853972,20.926326217232525,20.935,15.375561835274596,27.684254700964487,1.8005361363414574,10.298781892267819,22.0,97.47303404871094,20.64477294672276,1395.3843841985147
TUN,2026Q2,ADM2,fixed,والد شامخ,10968.053848342139,82.07786560058594,0.7483357278829581,0.07643830282415012,1.0,9.0,1.0,7.721,7.721,7.721,7.721,7.721,1.0,3.065,37.0,0.0,0.0,33.77085748849318
TUN,2026Q2,ADM2,fixed,‫الصخیرة‬,17169.30031101052,2336.0657653808594,13.606062699496036,0.14019638456232425,5.0,39.0,18.0,10.636191955917397,11.77985537800933,11.081,9.541,17.354194142518626,1.8189072573649119,5.213941940071085,35.36864013563878,62.35839331198931,0.0,18.865247015921113
TUN,2026Q2,ADM2,fixed,‫المحرس‬,107491.06098463385,20757.308639526367,19.31073007316737,0.704236234067799,12.0,196.0,37.0,10.184946770788992,13.247141733654752,13.995000000000001,8.028138692738633,20.969195050961254,2.611962231037148,3.488653344132628,29.15659654043103,46.10183141567026,1.0531044723863134,248.59581713858006
TUN,2026Q2,ADM2,fixed,‫عقارب‬,33020.99127697126,7389.61181640625,22.37852811390233,0.27491013135101333,8.0,220.0,55.0,32.22512807784369,37.631938357797544,32.864999999999995,28.271381543077162,34.89388573202143,1.2342476323222318,12.4506043047412,13.798351482885778,100.0,100.0,44.944265504834746
TUN,2026Q2,ADM2,mobile,Balta Bouawene,41615.08888280431,8318.742416381836,19.989726418244434,0.32427756073317326,4.0,68.0,14.0,90.25077758307337,90.14820754650904,55.0955,18.079479249696636,145.652,8.056205490677723,20.480918245881718,21.51541372611652,86.72834106955641,86.72834106955641,140.06702720538607
TUN,2026Q2,ADM2,mobile,Bou Salem,35503.90578969939,9534.176961898804,26.85388198800628,0.7582377564545407,9.0,136.0,54.0,113.36039115625212,141.89411321998872,168.587,27.089889838220692,317.4560428266263,11.718616971957289,30.0482411579573,21.0,100.0,92.6580760898399,124.11188450329938
TUN,2026Q2,ADM2,mobile,Carthage,21079.038299560547,17161.374267578125,81.41440811337158,46.70758856097146,16.0,257.0,101.0,64.74760305866997,62.90856259084803,65.5945,13.026496008798656,112.83910616378085,8.662276185980057,18.51771768136748,22.756265983704974,95.52514851485616,76.51945069590144,2570.5930085780797
TUN,2026Q2,ADM2,mobile,El Hencha,18136.837417857165,3087.10551071167,17.021189745419274,0.523083306035915,11.0,162.0,33.0,20.5740195290054,24.450401886348676,19.041,8.201176036157811,41.13393358173005,5.015614029058323,11.544883799399008,22.322232811535528,82.91202224664306,50.80512056535484,34.42950941144734
TUN,2026Q2,ADM2,mobile,Jendouba Nord,48800.5226723084,14867.32565689087,30.46550496338691,0.8863453371482246,11.0,100.0,44.0,72.88693051032797,65.1582351688647,52.772,39.675046420736905,83.12916137927972,2.095250513325946,17.82514332964819,24.79508063927131,100.0,99.70854924686697,162.8505815670336
TUN,2026Q2,ADM2,mobile,Jendouba Sud,72771.38484597269,41717.588233947754,57.32691266250719,2.195597664465777,23.0,282.0,135.0,61.780770506544926,79.60040832438007,59.408,36.20184871458464,135.92006854613746,3.754506285514069,19.825784406412982,21.0,100.0,94.95924562581244,287.49279624008176
TUN,2026Q2,ADM2,mobile,Kerkennah,98534.16439245676,9381.490478515625,9.521053470499437,0.49856250450005885,3.0,62.0,8.0,54.30843681033766,63.69578895798312,70.428,44.985,127.5807060877336,2.836072159336081,26.95575650290707,21.0,100.0,100.0,648.3425445513233
TUN,2026Q2,ADM2,mobile,Menzel Chaker,55962.647374580854,733.2988656759262,1.3103362690611426,0.06131105619640177,4.0,59.0,11.0,30.12932723847557,32.26563629082334,30.0055,17.694563944817293,46.612,2.6342553648321227,23.652582924867072,88.6022260693891,100.0,99.84336575781009,34.20828082288885
TUN,2026Q2,ADM2,mobile,أريانة المدينة,124034.18511581421,122806.01770019531,99.00981538720787,69.6474841488466,54.0,1328.0,703.0,97.56722646065826,100.0417953377371,97.007,46.913407811962145,152.28115678021732,3.246005009710425,18.913076444883668,19.0,100.0,95.92669807915526,6683.281605622385
TUN,2026Q2,ADM2,mobile,أكودة,41215.53884887695,26072.39404296875,63.258651399820714,12.088229188621032,22.0,361.0,139.0,52.406626664711865,94.78640038862814,58.1575,15.550891880461851,225.05218097685628,14.471979016175398,14.390364793381444,20.283007577815326,100.0,84.79864251814124,923.0307868826119
TUN,2026Q2,ADM2,mobile,أم العرائس,40703.911822956026,18454.929397583008,45.33944913661805,0.36444595277640557,14.0,163.0,53.0,86.68455656146945,108.43244553767566,91.09700000000001,46.57691010642051,228.14223579490027,4.898183139964268,23.825554495764568,22.0,100.0,99.29229341562593,41.74292680586941
TUN,2026Q2,ADM2,mobile,أوتيك,21414.120897144665,1600.6165199279785,7.474584306383565,0.317909835408065,5.0,38.0,10.0,44.2512715396873,55.44437517431367,34.926,17.192444938125877,163.22638236727528,9.494076203513398,15.540276258101123,23.970821188162006,100.0,91.37634522727348,57.145851121834724
TUN,2026Q2,ADM2,mobile,أولاد حفوز,36990.07251018504,931.4999084472656,2.5182429912533464,0.23703328267759685,4.0,55.0,7.0,61.21663908964371,50.872736434967955,43.1275,12.573394893075953,67.191,5.3439027861124,16.737571717296913,42.661146135715825,90.07456544225806,90.07456544225806,87.57940668249016
TUN,2026Q2,ADM2,mobile,البطان,21785.457276553534,6774.58056640625,31.096802240168497,0.7664327318483608,5.0,51.0,14.0,55.356902252358154,55.473331316501806,58.786,36.99790048832661,69.11501604769602,1.868079408168116,22.06802582022789,21.72125727449646,100.0,100.0,139.27081956535122
TUN,2026Q2,ADM2,mobile,البقالطة,55522.193950653076,26399.563690185547,47.547767499333524,5.523911772434497,9.0,94.0,45.0,101.5163011976583,80.12293592681819,35.148,10.180521327142507,147.1645637399344,14.455503702700941,6.520389735411633,25.0,85.03189445263607,81.74623668052602,1378.854402518362
TUN,2026Q2,ADM2,mobile,التحرير,16879.7607421875,16879.7607421875,100.0,100.55263524061455,7.0,164.0,88.0,64.2231417320689,75.09527541832819,63.884,49.29045768635374,117.0559646570832,2.374819998668639,19.778135757375903,19.883855571209285,100.0,100.0,10120.33040084393
TUN,2026Q2,ADM2,mobile,الجديدة,52188.23486998763,16296.206954956055,31.225825122373827,1.8414714174679232,14.0,170.0,41.0,70.16508502551392,78.50108134924224,58.589,23.8927717385967,143.1491106428249,5.991314536838768,23.724782135263307,17.43310039241383,100.0,90.05788230828166,286.68125695381707
TUN,2026Q2,ADM2,mobile,الجم,42536.8048420661,14894.997123718262,35.01672769974507,1.129645429333053,13.0,149.0,44.0,40.99193850768484,69.51451672468171,28.552,21.67624819331213,170.03895489609883,7.844482743492562,24.79197378687009,27.0,98.68887218756024,58.362794476073276,148.3962475571961
TUN,2026Q2,ADM2,mobile,الحامة,16539.208393383684,4611.94264793396,27.884905602730743,0.10730802824875439,11.0,126.0,46.0,73.36383517901764,81.57927863930763,72.025,5.291112725132174,171.44728741843983,32.402879379999796,17.56273699688118,25.0,81.81741937304128,72.96189153126869,6.259637862517327
TUN,2026Q2,ADM2,mobile,الحرائرية,117219.92641258275,96137.03747558594,82.01424486243859,22.866076371306832,23.0,389.0,213.0,54.99760415124221,62.03387575294469,55.788,18.216877268611448,128.03600536934334,7.028427731132355,18.164645886655894,21.64263050628424,100.0,83.81599633803444,4859.424619164388
TUN,2026Q2,ADM2,mobile,الحمامات,106733.52911466363,71445.05348968506,66.93777867396456,7.44216863921897,100.0,1422.0,663.0,91.56728732631623,96.09974121302969,65.703,22.953092537477083,165.94197012143155,7.2296127352114645,21.352761186056114,24.93571233332436,96.68071372726,89.17314604488709,327.9290091295807
TUN,2026Q2,ADM2,mobile,الدهماني,29397.029520405482,9625.549382209778,32.74327215791771,0.26993638302071843,6.0,39.0,22.0,44.29577065633186,60.81820960699888,23.144,19.946959943823213,145.511,7.294896084907365,21.67151961538129,53.43418544687737,99.91157876911213,40.28959865928649,54.00322458089618
TUN,2026Q2,ADM2,mobile,الرديف,16663.086614829117,8111.8531494140625,48.68157585038905,0.3784510519402013,6.0,65.0,18.0,31.45039158022783,42.34528169703258,13.3645,7.500661720277082,91.014,12.134129413402988,11.46794595909511,24.967278098988835,71.81900443146431,39.088330440205524,41.26860768972358
TUN,2026Q2,ADM2,mobile,الرقاب,49594.034668206645,9053.513250350952,18.25524644429647,0.29120482100792366,12.0,88.0,41.0,190.19918246244168,191.90735030086555,90.14949999999999,122.93816917927136,280.73519490295257,2.2835478743267914,28.479720769456467,22.0,99.34324907453566,98.72704585465337,47.805282519485395
TUN,2026Q2,ADM2,mobile,الزاوية قصيبة الثريات,57080.056020736694,34675.86004638672,60.7495199965979,9.447593565504627,14.0,135.0,46.0,113.83652059469199,108.74383378182233,97.262,12.596309699060974,197.45666367564755,15.67575491497859,14.234871884631183,25.0,89.64352937929448,82.22964100385339,1565.2799406150014
TUN,2026Q2,ADM2,mobile,الزريبة,28726.729784483487,11142.961807250977,38.78952421959898,0.8337461000167327,12.0,221.0,78.0,11.79899159761884,14.828247713671175,11.128499999999999,9.411517454510925,27.155937233980644,2.8853941317364127,16.630041150896215,28.69031265952768,83.95333437418816,8.937291947570632,82.29296735968379
TUN,2026Q2,ADM2,mobile,الزهراء,33838.2633972168,30105.43017578125,88.9686028576083,54.28056988322846,16.0,290.0,151.0,70.05186535061387,95.05482398441045,75.914,35.96391382177591,194.11356598877842,5.397453874201087,15.587743953756567,18.707584917449903,100.0,100.0,4780.972578519517
TUN,2026Q2,ADM2,mobile,الزهور (1),36464.1748046875,36464.1748046875,100.0,68.37902651009685,8.0,150.0,75.0,58.49095631227947,58.5827792066659,56.171,18.673237205278003,110.81318642260497,5.934331857107431,19.395844987304553,19.808082646063948,100.0,70.43820252080239,12998.141238026952
TUN,2026Q2,ADM2,mobile,الزهور (2),80767.6845703125,40486.53515625,50.12714598869595,23.646275685771432,3.0,22.0,15.0,56.057335353537425,53.973566978882,62.631,23.383,90.593,3.8743103964418597,16.985334396521367,27.0,100.0,46.43784842118909,25473.788993918617
TUN,2026Q2,ADM2,mobile,الساحلين,31848.370816230774,18569.911376953125,58.30725685814172,5.789608036230949,10.0,137.0,48.0,101.20607387532766,113.69502219843122,77.351,17.891473340783904,240.76917825889572,13.457202415524856,29.67929817521745,19.0,100.0,75.31464282654296,748.6752046442865
TUN,2026Q2,ADM2,mobile,السبيخة,42194.81089603792,5057.682498931885,11.98650353332144,0.11452524137523001,5.0,49.0,15.0,24.29193241242319,25.792769015790693,24.2,14.239587393694357,41.453,2.911109630771775,11.567353073270617,24.0,98.86199268064489,23.76825299869395,39.45778811641511
TUN,2026Q2,ADM2,mobile,السرس,23757.046635899922,9313.616333007812,39.203594940684894,0.6769774726342516,12.0,140.0,52.0,64.16324247135108,54.272114243569156,30.811500000000002,24.46852873384709,82.41124057182242,3.3680505055387213,19.865326662385755,21.088646851331212,100.0,90.41510385562265,54.8513371818324
TUN,2026Q2,ADM2,mobile,السند,31567.23310316968,9342.470672607422,29.595468953753,0.2311831585392648,7.0,60.0,23.0,101.00023350591202,114.78323357246678,100.993,32.94302759359641,182.735,5.547000787369061,18.63541766061981,30.245424970903798,98.27821357974327,98.27821357974327,41.08225683050732
TUN,2026Q2,ADM2,mobile,السواسي,26125.178257420877,4389.401521682739,16.80142228478738,0.5722292907414593,8.0,52.0,18.0,63.772470255759146,48.11484929162613,9.155999999999999,4.879625608384856,80.32,16.460279219369397,25.597526466303254,21.768937255773274,58.44419371919229,56.865013843666205,75.12817254216878
TUN,2026Q2,ADM2,mobile,السيجومي,28089.153076171875,26681.7568359375,94.9895383587472,84.1426517565438,7.0,81.0,48.0,44.0486951359239,44.52813723410521,44.605,10.407454925912658,91.06701494340544,8.750171448416772,16.187395887552405,20.361305376997766,85.48042215098178,73.33822279566861,14079.148537939736
TUN,2026Q2,ADM2,mobile,الشابة,79344.72049349548,40517.80358886719,51.06553194322331,3.3663119873725296,16.0,135.0,64.0,64.89579483610653,87.23321167651855,61.53,8.8758133791214,199.91411684013698,22.523470052941345,8.584082763573786,23.902031056380473,77.16003209233368,73.91835052464424,669.2276590162508
TUN,2026Q2,ADM2,mobile,الشبيكة,36216.84747417558,312.3417510986328,0.8624211461843776,0.14455184217047004,3.0,20.0,4.0,10.288946262454136,15.893538497986455,11.803,4.615,36.938,8.003900325027086,2.9906714004118267,32.946818490855684,56.20347100575198,28.799017314871705,70.64940062800844
TUN,2026Q2,ADM2,mobile,الصمار,15134.38566133178,526.9417419433594,3.4817517785983925,0.02642119628874125,2.0,10.0,2.0,36.76742762124158,36.76742762124159,39.033,4.873,73.193,15.020110814693206,13.20928741296823,31.933677623572645,46.6838811786323,46.6838811786323,7.591410272840751
TUN,2026Q2,ADM2,mobile,العالية,30489.892952919025,10451.05859375,34.27712458645888,1.3944897547188881,5.0,41.0,21.0,44.72981456872283,55.71537703844171,40.613,28.224310345057685,136.91276174172387,4.8508806793820725,9.862904832789653,23.39137995746669,100.0,100.0,358.13663941258886
TUN,2026Q2,ADM2,mobile,العامرة,40629.66910707982,6866.990371704102,16.90141840339899,1.6690618232310785,12.0,146.0,27.0,29.578718610764113,31.68739594012339,16.929499999999997,7.75251305484468,80.79659290816761,10.421987339663545,11.421781770460413,22.36740038627877,78.40928916383743,57.09820475084252,224.95559208067075
TUN,2026Q2,ADM2,mobile,العروسة,10881.854985031712,1682.3278045654297,15.459935892175713,0.20165568667776282,3.0,60.0,6.0,53.06694438817864,54.63858988416963,56.916,47.178,75.06483831119587,1.5910983575224866,38.9491359547873,60.695751022804465,100.0,100.0,30.177236179902167
TUN,2026Q2,ADM2,mobile,العلاء,34525.26710373304,4236.96875,12.272081016114365,0.13680373187153058,2.0,43.0,7.0,25.827302427583568,25.827302427583568,22.997500000000002,17.235,28.76,1.6686974180446768,10.038975571582537,24.0,100.0,74.55360023933679,95.56844676779474
TUN,2026Q2,ADM2,mobile,العمران,41540.14111328125,38880.644287109375,93.59776650994192,67.46961989498328,14.0,253.0,126.0,51.872022668802735,60.77325214860944,55.1655,26.065516001390733,105.90882637251725,4.063177815734262,13.210003673172336,22.0,100.0,90.40151690568432,8353.885045546587
TUN,2026Q2,ADM2,mobile,العمران الأعلى,53101.7705078125,53101.7705078125,100.0,88.34704403176886,12.0,443.0,163.0,62.99878464631606,63.20583818699569,60.6145,24.927839720985663,96.31834704552058,3.8638866473629627,16.4788974043181,19.0,100.0,89.83547487619286,16320.839748916436
TUN,2026Q2,ADM2,mobile,الغريبة,39614.99763733154,74.687255859375,0.18853277878020827,0.05860477721342014,1.0,5.0,1.0,146.309,146.309,146.309,146.309,146.309,1.0,33.6,57.0,100.0,100.0,91.59359657204988
TUN,2026Q2,ADM2,mobile,الفحص,51431.77092254958,14047.759155273438,27.313388015411274,0.15545403911574904,6.0,71.0,18.0,13.529311947318467,21.345297898727054,11.557500000000001,3.5308104991454523,49.697482345066845,14.075375146045058,14.49008755336718,24.0696116211366,59.014218576324836,40.69605497839432,54.975545463440724
TUN,2026Q2,ADM2,mobile,القصر,26321.843357233265,12893.364013671875,48.98351471318504,1.0839425533525502,12.0,151.0,63.0,124.7259362169135,132.66986660103467,109.97200000000001,46.38715632188663,205.33875346804692,4.426629475693101,20.024825319948278,23.12548099545181,100.0,96.28932939518256,93.3949960958642
TUN,2026Q2,ADM2,mobile,القصرين الجنوبية,23546.567144053508,83.91323852539062,0.3563714320309414,0.057750275770913545,2.0,15.0,2.0,129.9963844257254,129.99638442572544,110.4785,1.392,219.565,157.73347701149427,30.56685881500646,40.89460585983258,58.946058598325834,58.946058598325834,27.20608755359256
TUN,2026Q2,ADM2,mobile,القصرين الشمالية,25342.853236638017,13145.480972290039,51.87056425551047,3.322196717703735,13.0,153.0,83.0,132.64470162330696,116.26954728889596,131.055,25.890438915130584,201.2027128349579,7.771313321280675,23.41568448206504,24.57593355198842,97.34654022348629,87.74075089727134,259.2120745405415
TUN,2026Q2,ADM2,mobile,القصور,14810.738657528553,3665.6956787109375,24.750255631899908,0.10694411474548113,2.0,56.0,7.0,77.22980690859441,77.22980690859441,67.76050000000001,49.267,86.254,1.750745935413157,32.160195232109196,21.707879839939412,100.0,100.0,32.272309281540224
TUN,2026Q2,ADM2,mobile,القطار,40913.573483159955,19275.08642578125,47.11171570900519,0.1638837707843676,6.0,98.0,19.0,15.713097597154217,60.87264114534823,21.671,10.824,186.6571732240613,17.244749928313126,7.97104240647581,28.51680356730448,100.0,28.760699781706116,43.83166950798035
TUN,2026Q2,ADM2,mobile,القلعة الخصباء,6915.072563654838,278.3075072169304,4.024650568089425,0.5999650356336015,5.0,38.0,5.0,38.91880496229571,37.488159049812566,23.038,20.202804666572007,43.772,2.166629867605763,11.398425353678755,22.62405498462888,100.0,70.84669116437723,33.647327560639376
TUN,2026Q2,ADM2,mobile,القلعة الصغرى,46330.2679155174,17699.518211364746,38.202926526649,2.3881147909638267,10.0,112.0,59.0,45.799942804605706,73.78368500849756,40.488,17.637081996947657,199.40994515473955,11.306288942198615,20.84818671830663,18.137311954523756,99.55251798459638,84.29639289593442,450.1058867198932
TUN,2026Q2,ADM2,mobile,القلعة الكبرى,64575.99886459131,29241.485809326172,45.282281843819895,1.7918606186153994,17.0,277.0,78.0,39.72913696850374,60.41304712533597,38.986,14.077571816146765,142.84850174520005,10.147240135642921,14.430115899542972,23.00961692363509,95.55216076405627,67.97957065198045,277.2456838568042
TUN,2026Q2,ADM2,mobile,القيروان الجنوبية,78056.458802924,38841.532485961914,49.7608181073504,0.9502171322595928,20.0,257.0,102.0,66.97049798443146,74.52440466725704,37.5805,3.474835170396525,163.57963770446437,47.07550996895135,21.052330237689688,22.64348065278279,86.55017458464415,70.92064572676492,150.2378890805993
TUN,2026Q2,ADM2,mobile,القيروان الشمالية,39516.071732000055,25830.047470092773,65.36592919780445,2.35762830707671,24.0,272.0,149.0,73.82697526307298,77.53519125017051,82.34100000000001,26.57420522415653,128.3640196817961,4.830399200993241,17.052830325555313,23.615665224604047,99.74520476304785,95.02775193234754,157.35681310842332
TUN,2026Q2,ADM2,mobile,الكاف الشرقية,41433.61404283255,19154.825317382812,46.23015819373433,0.493966758188285,8.0,155.0,59.0,106.1244071158759,105.5512224806458,125.4685,32.1585479770853,197.67502744593472,6.146889081770385,24.541445073474172,25.426672897283908,100.0,100.0,105.00204268781631
TUN,2026Q2,ADM2,mobile,الكاف الغربية,43323.7222630183,32168.59130859375,74.25167928392266,1.4846083442174784,13.0,131.0,54.0,60.16071807305406,80.30881800785332,56.793,13.828081701023466,181.037,13.091982236885453,21.000020435072447,21.0,96.60071658516699,69.7879467440182,202.99086971950962
TUN,2026Q2,ADM2,mobile,الكبارية,76373.57215118408,75118.30126953125,98.3564067434636,49.67551605373072,21.0,468.0,178.0,52.71616445019625,55.55794932977107,52.692,20.71829114297254,89.03579229980707,4.297448649861609,15.800407535112647,21.0,97.72182442432704,86.15396437196411,7525.736639591033
TUN,2026Q2,ADM2,mobile,الكرم,90260.66711425781,90260.66711425781,100.0,82.07217306505751,33.0,680.0,407.0,91.04972031911979,103.31378975605914,94.545,51.110794051754525,185.62094480507108,3.631736666370557,25.54199500654642,19.0,100.0,100.0,9375.463995035932
TUN,2026Q2,ADM2,mobile,الكريب,21019.85371889008,983.3240356445312,4.678072686875264,0.056972681890408765,1.0,8.0,2.0,121.603,121.603,121.603,121.603,121.603,1.0,19.432,66.0,100.0,100.0,49.352193273701005
TUN,2026Q2,ADM2,mobile,المتلوي,21720.83792748426,10982.37744140625,50.56148145882439,0.1834472427837609,7.0,68.0,22.0,70.9973825704295,131.2975606580793,51.628,16.509776337115397,350.02999020949153,21.20137687284073,21.260545548426578,24.717493559686417,96.17134988408499,80.09777649376049,22.316698957851372
TUN,2026Q2,ADM2,mobile,المحمدية,89223.72459933192,50748.154121398926,56.87742172756024,4.199739790989524,17.0,284.0,112.0,68.31891745926269,74.28967097609367,49.514,31.131565954788723,140.52789814385315,4.514000302713229,17.926662603916004,18.0,96.8326578163954,96.66697130815734,916.3984068953814
TUN,2026Q2,ADM2,mobile,المدينة,18505.5810546875,18505.5810546875,100.0,111.60202316168402,7.0,151.0,99.0,75.93112350495345,78.46489546927869,79.335,30.22513719664913,137.49866089968563,4.549149272841985,19.91917367308947,22.64980076579514,100.0,100.0,12305.208387850382
TUN,2026Q2,ADM2,mobile,المدينة الجديدة,67689.00079345703,65095.00793457031,96.16777788343795,56.44713957813777,19.0,373.0,193.0,67.13674771439035,68.33916596881049,68.033,25.74148321513919,116.45709225650123,4.524101866360598,19.625630755235,18.0,97.63509658022006,91.12032225162719,8374.813329806217
TUN,2026Q2,ADM2,mobile,المرسى,100309.27582168579,86506.40342712402,86.23968493292847,45.319003915624556,58.0,773.0,484.0,69.04967852803836,85.71021162196584,75.78399999999999,37.02708905674026,154.8582574710336,4.182296297549317,17.82898249740909,22.449532041279234,98.60599869252195,95.28251021109716,3276.4121475688676
TUN,2026Q2,ADM2,mobile,المرناقية,51140.18887799702,18960.75952911377,37.076045171338045,1.7449891055137776,19.0,229.0,70.0,27.485032303269072,47.99423358519755,20.165,12.909398225068877,121.15206448791938,9.38479566403437,8.689627808256997,22.0,95.85131394339932,63.29345833631928,195.62655778338885
TUN,2026Q2,ADM2,mobile,المروج,124478.97229003906,116084.43029785156,93.25625699043529,52.60170498206153,35.0,685.0,388.0,86.30926661223033,93.58898480314119,84.91,26.539330371478208,146.6566374237252,5.526011220740404,20.504227775385008,18.0,95.85718416638984,89.65310228093331,7787.073225278182
TUN,2026Q2,ADM2,mobile,المزونة,20723.78659659318,1927.5932312011719,9.301356304827285,0.06696739269751545,3.0,21.0,3.0,23.505166482929432,24.546795723344424,14.373,9.035510102599552,40.137,4.442139906240869,21.949305232085795,31.09889265961858,89.79678492480808,42.03209217366868,18.248889643611598
TUN,2026Q2,ADM2,mobile,المضيلة,15665.267252593083,6777.713722229004,43.265867175723315,0.23763752461183255,6.0,86.0,34.0,153.7568945250852,157.08974189742793,129.4935,101.08748340089417,218.066,2.157200799382756,31.303898570661595,21.959308906733682,100.0,99.0890017978159,24.309927686804194
TUN,2026Q2,ADM2,mobile,المطوية,85521.14399495962,18286.638549804688,21.38259346820998,0.43970594927671985,7.0,67.0,29.0,200.13584179955615,171.07230456548857,106.853,7.272,275.31,37.85891089108911,33.79751682723945,27.475981935553534,79.33581716762,79.33581716762,208.94181835783513
TUN,2026Q2,ADM2,mobile,المكناسي,27533.513552518267,969.8157958984375,3.522310343896289,0.04063657111547607,1.0,7.0,1.0,67.611,67.611,67.611,67.611,67.611,1.0,36.354,23.0,100.0,100.0,44.141912911019595
TUN,2026Q2,ADM2,mobile,المكنين,99682.3539454937,43809.144844055176,43.94874630269066,2.255095341898666,18.0,181.0,85.0,79.094760719233,82.00596946640478,71.9565,26.03031531505189,149.38156175705873,5.738753447626493,18.717724557886044,24.0,93.70218598661107,90.04118684430567,505.18193333365366
TUN,2026Q2,ADM2,mobile,المنزه,43400.45910644531,37813.4443359375,87.1268302558622,74.08480917039691,31.0,564.0,347.0,121.19465111378913,113.63572133268558,116.005,55.33221775824052,166.36734989114126,3.006699471509336,18.339861022679333,20.0,100.0,100.0,4330.567161642014
TUN,2026Q2,ADM2,mobile,المنستير,119072.71086832881,94453.06997680664,79.32385958799016,20.618004173202248,52.0,872.0,463.0,101.81224582095102,106.26537125378943,79.553,27.106713639744893,170.0128666267624,6.271983719099134,17.961709849830218,23.070032160632685,98.82146440370792,93.34427867835528,1917.7239308898477
TUN,2026Q2,ADM2,mobile,المهدية,24914.738419786096,16337.429584503174,65.57335384877558,7.624889548426025,51.0,750.0,348.0,82.46956663284871,78.65214434205676,70.7,13.567823856744399,132.2790388765678,9.74946610991073,22.098800174372972,25.0,96.41517210431657,85.04714326384911,150.30040941616875
TUN,2026Q2,ADM2,mobile,الميدة,31113.44240063491,3543.418731689453,11.388706804159815,0.47252021459825044,3.0,113.0,4.0,21.589754669877756,21.044129658783948,20.416,20.203834643694606,21.767,1.0773697361848702,16.07961247492507,20.19479662811642,100.0,0.0,204.01048791404236
TUN,2026Q2,ADM2,mobile,النفيضة,56476.562284503045,8495.11487197876,15.041841302564174,0.3813759454256698,6.0,93.0,36.0,36.96590642445199,41.10337717423426,45.824,31.116024724715057,61.60452929627457,1.9798328945066972,25.724335505137987,19.113280040466325,100.0,100.0,147.13013771473283
TUN,2026Q2,ADM2,mobile,الهوارية,44766.47945185853,11219.332489013672,25.061904859145425,1.2310208268058962,16.0,269.0,68.0,18.677347974620293,31.193571973089444,18.322,3.381840741311029,81.1459640560623,23.994614253953504,8.567143271236977,35.81084291756983,56.51117924987393,34.841379272376145,144.53457004209753
TUN,2026Q2,ADM2,mobile,الوردانين,24528.747126579285,7650.47119140625,31.189816389424227,1.439677469882504,3.0,15.0,8.0,20.51093160185924,18.368877320030773,28.618,7.006,33.125,4.728090208392806,5.970204938102007,21.50047536519355,47.61214858281107,47.61214858281107,477.46367700312334
TUN,2026Q2,ADM2,mobile,الوردية,38643.89219093323,38634.077392578125,99.97460194147472,73.28528055818795,12.0,179.0,79.0,77.6095202348104,77.38788974985464,76.78999999999999,26.108277268791944,147.06384869873685,5.63284383663747,15.649903451964441,18.0,96.81704820232184,90.61863512069881,9836.407621477863
TUN,2026Q2,ADM2,mobile,الوسلاتية,30084.18967218555,2848.460693359375,9.468297881371656,0.02686013801014179,1.0,6.0,4.0,112.777,112.77699999999999,112.777,112.777,112.777,1.0,52.853,18.0,100.0,100.0,32.88975520823368
TUN,2026Q2,ADM2,mobile,بئر الأحمر,5386.238705869895,1309.7922973632812,24.31738303643833,0.21426976341404844,2.0,18.0,3.0,35.918896026626946,35.91889602662695,28.1325,7.99,48.275,6.041927409261577,9.33824821336331,37.0,69.32827609935944,69.32827609935944,21.999958800713298
TUN,2026Q2,ADM2,mobile,بئر الحفي,28178.27667108207,6557.98095703125,23.27317966808585,0.4879535964152403,10.0,154.0,23.0,26.946593568405135,46.588959286774255,25.908,17.27721995083886,53.49337099700602,3.0961793129460484,22.682113181743503,25.210986075002445,93.053713234076,64.11968688725011,54.6982103180362
TUN,2026Q2,ADM2,mobile,بئر علي بن خليفة,38073.19834717171,3371.1037826538086,8.854270008824287,0.1466116795247768,7.0,74.0,14.0,51.32860018953532,80.4988799969918,61.534,20.031991782939166,156.114,7.793234027430017,19.27043302095511,31.855560186852646,98.08869227388483,98.08869227388483,31.592897011730148
TUN,2026Q2,ADM2,mobile,بئر مشارقة,27885.659742009197,6150.7445640563965,22.057016477148004,0.36078181333954373,8.0,73.0,26.0,12.846438313063665,42.83570751705802,12.7455,3.532,101.578,28.75934314835787,10.504441718615345,23.938140737897132,66.20971970490174,38.205616594724695,52.07567853032869
TUN,2026Q2,ADM2,mobile,باب بحر,34822.446746349335,34266.744873046875,98.40418487147025,43.53635079705684,20.0,1142.0,587.0,86.78069546640272,82.41660378141053,90.598,47.39038924030886,127.2873551872117,2.685931836131551,22.20165479701846,21.0,100.0,100.0,3161.881216817846
TUN,2026Q2,ADM2,mobile,باب سويقة,21290.68408203125,21290.68408203125,100.0,77.03004826994244,7.0,151.0,108.0,44.68272252807831,51.69139001192457,42.714,27.67083754497355,103.61755061972048,3.7446481499271695,21.435112598036756,20.0,100.0,100.0,9773.806508856851
TUN,2026Q2,ADM2,mobile,باجة الجنوبية,41139.254531339815,13051.017974853516,31.724002108281454,0.5273600633478207,8.0,112.0,43.0,102.72755168035074,143.780516514507,168.3855,46.62684277619091,263.8086376098943,5.65787048623852,24.22293413806335,22.35256365449325,100.0,100.0,112.79047189229252
TUN,2026Q2,ADM2,mobile,باجة الشمالية,77292.31361148425,26567.397583007812,34.372625610032685,0.6178778237337617,11.0,90.0,47.0,31.625382617805315,30.046839772194396,29.103,10.36106537923465,45.8937762398897,4.4294456757187035,10.458423942740694,20.0,89.17787348133297,77.9346284915914,180.76460606861963
TUN,2026Q2,ADM2,mobile,باردو,86177.70458984375,86177.70458984375,100.0,99.06374257256726,28.0,641.0,319.0,78.14171172804758,80.7354749582785,82.3735,40.43318728662972,128.66343919864784,3.1821245821299313,19.363479307122216,20.90763552977084,100.0,97.22039056703025,12720.720906644574
TUN,2026Q2,ADM2,mobile,برج العامري,19842.423977613515,3957.6145782470703,19.94521729155724,0.8291758988251979,6.0,42.0,11.0,71.12704381262834,99.5522996110068,32.991,17.833036449682954,156.43,8.771921733092242,22.86720137186363,19.565582108457047,96.13512598049147,68.99567907894439,114.11151498120206
TUN,2026Q2,ADM2,mobile,برقو,12776.964580814218,737.8787841796875,5.775071062556439,0.05446569051580176,1.0,5.0,2.0,73.253,73.253,73.253,73.253,73.253,1.0,25.757,20.0,100.0,100.0,28.503879368587913
TUN,2026Q2,ADM2,mobile,بن عروس,36847.316162109375,36847.316162109375,100.0,74.09689243635296,20.0,359.0,187.0,84.74969032301337,96.09450741163299,85.562,24.87854133830716,147.71175412665713,5.937315701833991,17.39031515728631,19.229005825081014,100.0,90.08044323023327,5686.718931585419
TUN,2026Q2,ADM2,mobile,بن قردان,87637.1087115808,20901.832580566406,23.850436062827725,0.08180867070599289,15.0,161.0,63.0,57.725726395401814,92.95786813555624,56.716,21.96912229448132,192.86237875579548,8.778793079241169,16.834328623188096,28.61372794176249,91.80616700338913,90.60301922329353,18.230567061037664
TUN,2026Q2,ADM2,mobile,بنبلة,37581.63877618313,9085.2568359375,24.174722369198978,2.521826086931034,5.0,38.0,13.0,18.21621502152357,22.40967809293108,17.897,7.736,76.88132609007184,9.938123848251273,15.659294251187799,55.28595257242359,67.80119383406087,10.857927958489581,768.3230113159462
TUN,2026Q2,ADM2,mobile,بنزرت الجنوبية,64250.37358910619,10867.909194946289,16.91493541259186,0.5860788926661531,10.0,72.0,27.0,37.39144358010484,51.83291352816223,37.3735,3.5714886230787064,124.87,34.96301211576005,14.837580126248909,24.379532660387493,70.72889898466946,61.61270090920424,158.92260940684952
TUN,2026Q2,ADM2,mobile,بنزرت الشمالية,96967.80351591202,85770.07357788086,88.4521155146165,18.66103675210466,43.0,712.0,350.0,70.03772752610158,85.59952802599051,69.58,25.119318453414966,191.15891550316744,7.610035911510944,17.34290553364622,20.0,100.0,90.68588902366825,1777.9183331892948
TUN,2026Q2,ADM2,mobile,بني حسان,15474.749686837196,2205.1715087890625,14.250127164672516,0.5704176725248137,2.0,11.0,3.0,42.870733919262165,42.870733919262165,43.313,27.009,59.617,2.2073012699470547,17.382690412302622,25.459310652532707,100.0,100.0,178.21795672899
TUN,2026Q2,ADM2,mobile,بني خلاد,42558.68844997883,13466.608612060547,31.642442712698884,2.10419900839412,10.0,98.0,32.0,45.84734327592876,46.90609683850393,32.02,19.34417910489581,74.82683885715338,3.868183728624363,22.059895377062002,20.0,95.02027317146839,82.67678548164284,371.9266037290044
TUN,2026Q2,ADM2,mobile,بني خيار,49396.926092028625,22291.451278686523,45.12720333479168,3.182982022281225,14.0,136.0,56.0,51.731544530076434,66.83623492209526,44.8035,23.39795752331907,131.26888323454395,5.610271029157893,11.98711343243938,22.71633368679802,97.3738627133297,88.81802697342934,464.5317557468521
TUN,2026Q2,ADM2,mobile,بو عرقوب,34804.69690624004,7606.00944519043,21.8533994583552,2.2352182590787857,12.0,198.0,36.0,22.239642469440987,26.644909742046163,15.96,5.441384925634344,61.727657887356116,11.344107930419948,11.200639135355264,28.0,77.20592568184989,33.40847480655149,268.5190129988208
TUN,2026Q2,ADM2,mobile,بوحجلة,24388.258036196326,2216.011951446533,9.08638881939659,0.10805315640478208,3.0,21.0,10.0,122.83566969069975,121.31775221245782,103.504,81.7293185280817,129.358,1.5827612701255225,28.831424200013608,27.729520662810305,100.0,97.91227203130158,35.37282467502521
TUN,2026Q2,ADM2,mobile,بوعرادة,21981.329516844336,8646.871074676514,39.33734339431288,0.44613182403448215,7.0,78.0,16.0,42.015800754955364,100.27726121401321,38.2,15.224424892497957,301.1722740858107,19.782177403247427,26.17549875616523,29.873575501695903,100.0,86.24558700454939,57.75242385942834
TUN,2026Q2,ADM2,mobile,بوفيشة,30050.646119465076,4158.767288208008,13.839194244526404,0.37075567792180314,4.0,59.0,18.0,10.29346494557636,10.17720216320646,12.233,7.979,12.472633568250007,1.5631825502255932,5.872266757012827,25.17427021246482,54.29237573201393,0.0,114.74437425854138
TUN,2026Q2,ADM2,mobile,بومرداس,26196.59100165969,4092.68408203125,15.622964384075612,0.6488514281778449,5.0,53.0,7.0,311.3257868354651,338.0930495915854,6.685,5.072599286033624,440.844,86.90692387505845,74.47973962141845,13.893092536572738,76.40536055607036,76.40536055607036,136.9646288478337
TUN,2026Q2,ADM2,mobile,بومهل البساتين,53974.88480758667,41661.34591674805,77.18653974948764,27.387789107578396,23.0,518.0,224.0,84.74195384491905,88.15301005013494,84.544,33.38277497483186,129.2086494669821,3.8705185403069655,15.439093173139279,21.0,100.0,90.52904566904385,2675.679531741014
TUN,2026Q2,ADM2,mobile,تاجروين,28433.573213326228,7714.910432338715,27.133102035599578,0.10199808271177671,3.0,24.0,8.0,168.94994412315577,168.87398911341774,154.856,61.887031671985554,187.258,3.0258035478661713,30.19810370451719,26.40376989984286,100.0,99.93943365368989,39.459659881266425
TUN,2026Q2,ADM2,mobile,تاكلسة,25422.774510114446,1560.459617614746,6.138038226291617,0.34449395805747063,4.0,23.0,6.0,5.595709225523606,6.623584729137068,6.3675,2.044,16.367564272450636,8.007614614701877,3.1547291318981436,27.315873805186435,10.431260951044111,0.0,91.27502254973732
TUN,2026Q2,ADM2,mobile,تالة,45359.26892522119,784.1842651367188,1.728829153815324,0.0689965876130889,2.0,21.0,4.0,47.13098548549102,47.13098548549102,43.2075,18.718,67.697,3.6166791323859386,27.74722560496417,115.23676865989651,100.0,58.01054632697894,63.292902249414446
TUN,2026Q2,ADM2,mobile,تبرسق,22160.213090720663,8643.646703720093,39.00525084453958,0.6110354752728194,10.0,106.0,38.0,62.49227811780787,78.10268266471087,56.5945,19.57772121205838,190.2220541285172,9.71625104209549,17.967044202599475,22.99379663290047,99.68055973344218,86.96894550164754,55.966754378622674
TUN,2026Q2,ADM2,mobile,تستور,36459.2232054393,8312.954315185547,22.800689604229824,0.2249139077063799,6.0,62.0,27.0,236.917284605595,179.57671749286553,134.5255,14.684593703427891,259.558,17.675531597405396,31.235596788488447,16.66948731083712,100.0,78.46078166978707,56.678802455128796
TUN,2026Q2,ADM2,mobile,تطاوين الجنوبية,7995.709617023669,1428.7601623535156,17.86908518177726,0.04163236885434787,3.0,49.0,24.0,129.2988419182039,121.79424820631222,103.211,36.731892391314375,152.989,4.165018191008743,37.37586460479237,28.830144536985827,100.0,86.32914596407089,4.211857773521827
TUN,2026Q2,ADM2,mobile,تطاوين الشمالية,16120.093971017555,5643.033767700195,35.00620888343362,0.09276796804536065,10.0,131.0,29.0,48.835615782223165,71.19819344415349,44.174,10.519,135.47147075360886,12.878740446202952,16.63052539262822,37.88148461932543,100.0,71.75193057363376,5.678780119578054
TUN,2026Q2,ADM2,mobile,تمغزة,5461.3123335874325,2339.3897285461426,42.83566999379876,0.14308639269686452,5.0,45.0,16.0,46.1537124390911,54.19729615075022,45.746,32.669,84.588,2.5892436254553246,16.876565015185882,28.0,100.0,100.0,6.135740544207638
TUN,2026Q2,ADM2,mobile,توزر,6958.121212782502,4779.422142028809,68.6884001567652,0.5968733336407283,19.0,268.0,117.0,54.596080605292094,59.626155143255296,55.108,14.179719525430226,103.9500599721243,7.330896763204514,13.26979007182649,31.000721922702596,98.88703047393275,82.820805554623,8.489883543346636
TUN,2026Q2,ADM2,mobile,تينجة,28622.71998768382,12477.579574584961,43.59326989172932,2.4493044711763714,6.0,108.0,28.0,39.66176882153704,34.073456006632156,27.849,6.524,73.33627163468898,11.240998104642701,14.835530550665487,26.39676828457076,68.55322098692753,62.62628175532933,491.91187295769373
TUN,2026Q2,ADM2,mobile,جبل الجلود,20928.16778564453,18441.29669189453,88.11711030214578,59.36657515942695,13.0,178.0,73.0,77.79666041827214,81.38703984800536,84.337,19.642477590309277,125.8605585308438,6.407570427517647,18.732830339555726,18.0,100.0,89.79710779627725,3982.7662013824624
TUN,2026Q2,ADM2,mobile,جبنيانة,55752.30412790224,13157.940254211426,23.600711145544025,1.7834903649158813,18.0,238.0,44.0,45.14325961856073,53.2837433020032,37.521,27.79787728130373,52.842719128477576,1.9009623862185507,29.053533384739428,24.0,97.3373315376826,96.20288551702613,220.52016252922405
TUN,2026Q2,ADM2,mobile,جربة اجيم,66431.60213181376,8644.494400024414,13.012623695078112,1.2969750595580296,8.0,54.0,18.0,99.47326867371697,106.77557152956268,46.161500000000004,38.6356464307182,167.152,4.326367369049681,26.329893953332054,39.25275185357951,92.6152764780269,92.6152764780269,416.7052313807895
TUN,2026Q2,ADM2,mobile,جربة حومة السوق,26232.741817831993,12910.196853637695,49.214058306561945,9.184558418185116,58.0,757.0,346.0,60.5723821647296,74.05357999789359,51.5565,19.115546995832073,138.0658159978389,7.222697630778893,16.55714054571911,30.0,96.41388656865678,78.12219584295154,161.11566131934825
TUN,2026Q2,ADM2,mobile,جربة ميدون,27717.195499010388,10710.968334197998,38.64376659096127,6.820761420929537,50.0,477.0,220.0,89.89187465030282,79.99114970142152,56.811,5.219357889459204,141.85827840620024,27.179258715462158,17.328987217777563,31.94580867065744,87.04784992144373,79.09332624903267,146.44406448496454
TUN,2026Q2,ADM2,mobile,جرجيس,74523.62300685974,17132.49955368042,22.989354063077972,0.5863016731603238,20.0,230.0,71.0,77.1117456334062,110.96165913413648,63.69499999999999,39.481751803012834,297.4065856200024,7.5327606308823265,14.462044630694987,28.12623591024051,100.0,96.00554113643246,84.07005755251302
TUN,2026Q2,ADM2,mobile,جرزونة,24088.655364990234,20242.184326171875,84.03202262419052,32.41365109270296,9.0,76.0,42.0,32.606773118820776,42.41371039138165,28.985,11.35079530824764,94.0516786993131,8.285910911544136,25.23977064897897,24.0,87.8111255493129,78.41263290433506,3662.5454840788852
TUN,2026Q2,ADM2,mobile,جلمة,43414.632240580766,3708.41748046875,8.54186086367996,0.03723580010425733,1.0,6.0,3.0,14.268,14.267999999999999,14.268,14.268,14.268,1.0,13.228,32.0,100.0,0.0,64.85803134921638
TUN,2026Q2,ADM2,mobile,جمال,75823.60901743174,40158.56627655029,52.963142742675174,3.3230830306077914,21.0,218.0,86.0,22.987259963673875,56.13735241514482,24.176,5.889527919965371,161.58768023768997,27.43644014147743,12.576355100495192,26.411602307386914,85.2685103850059,47.8584651302896,485.59991965225436
TUN,2026Q2,ADM2,mobile,حاجب العيون,30584.98746945187,8096.412649154663,26.471852104701103,0.25297045740678603,6.0,80.0,25.0,59.74896086529588,56.59883035249832,38.3455,8.657133007694632,88.786,10.255820249161614,25.36826332876228,28.99205253170119,89.57982771788019,68.25955513673922,51.93353411572084
TUN,2026Q2,ADM2,mobile,حفوز,38945.406061457754,7599.110323667526,19.51221233044986,0.2019859457460438,5.0,100.0,20.0,16.778895484001616,27.134542342733567,16.894,12.715690212374245,43.137,3.3924230049282995,9.108375860085847,22.80886269432342,100.0,48.11769333278703,63.70792063031094
TUN,2026Q2,ADM2,mobile,حلق الوادي,56375.03756046295,52527.501525878906,93.17510692483795,37.286973431779856,32.0,707.0,451.0,97.40117403962036,105.50736150281413,97.83500000000001,49.51054493348795,164.69044959576692,3.3263711764233395,22.71377583111152,20.294381289564726,100.0,100.0,2742.826710544063
TUN,2026Q2,ADM2,mobile,حمام الأنف,42789.00157880783,42515.591552734375,99.36102732948818,31.542993398391122,15.0,206.0,109.0,117.22648784268567,124.4131804389087,96.53,56.93767656987889,246.1223987446021,4.322663191964625,22.501742773859426,18.0,100.0,100.0,3745.982058245807
TUN,2026Q2,ADM2,mobile,حمام الشط,36284.11047333479,21783.97003173828,60.03721669778106,11.884233429206347,13.0,257.0,86.0,93.41522771165316,89.28240604641407,103.088,46.44510766832592,139.09571516827538,2.9948410532619825,19.523684271275613,16.0,100.0,100.0,1380.3160114379164
TUN,2026Q2,ADM2,mobile,حمام الغزاز,16978.27621334815,3194.8699493408203,18.81739882891672,1.0107486113990534,4.0,48.0,25.0,51.193898833842184,54.336292143012706,55.2175,35.525,75.862,2.135453905700211,9.720862818845589,23.46435608873657,100.0,100.0,179.36274543438677
TUN,2026Q2,ADM2,mobile,حمام سوسة,48389.62315368652,42711.44012451172,88.26570107574352,50.51899711709601,38.0,527.0,282.0,70.2120311389222,70.86322345266595,76.149,28.24475981821391,114.37239779348296,4.049331576178913,15.144765257219298,19.0,100.0,90.51520007785456,2620.2515433302287
TUN,2026Q2,ADM2,mobile,حي التضامن,85345.0439453125,85345.0439453125,100.0,91.49385965556712,13.0,153.0,86.0,73.51932085010009,66.36238192251083,79.293,22.53028740921495,97.75866683777359,4.338988893581092,16.48447265251206,20.046952816905293,100.0,85.00474959362614,25076.14806156156
TUN,2026Q2,ADM2,mobile,حي الخضراء,33232.58753925562,30846.439895629883,92.81985598982587,37.26980829182288,57.0,1930.0,1224.0,104.38724825028658,111.47339284366565,100.826,57.1002223327292,172.4487624165649,3.0201066715938025,25.891501199859103,18.0,100.0,99.18005234365877,907.1992522316418
TUN,2026Q2,ADM2,mobile,حيدرة,58124.66397724596,14348.776611328125,24.686210000190684,0.09964342162313045,2.0,18.0,6.0,28.187576397272547,28.187576397272544,23.3745,14.607,32.142,2.2004518381597866,10.618664257295181,58.75384273100509,100.0,77.44839690489047,117.03917798249809
TUN,2026Q2,ADM2,mobile,دار شعبان الفهري,49389.636959940486,33284.12762451172,67.39091370829105,4.224757865724744,12.0,159.0,73.0,36.075364677847986,62.278630459466456,47.0745,13.830045499383465,144.21255934896894,10.427482639547199,10.830383740173021,23.665163156961096,100.0,82.13609683309745,718.9241638206925
TUN,2026Q2,ADM2,mobile,دقاش,23653.194243447575,6216.183038711548,26.28052251519289,0.12682886411321928,7.0,66.0,27.0,24.999751542455595,25.33908773342482,20.766,17.556826444299112,40.63911601365532,2.3147187871673283,14.27440258995834,34.68233054034448,100.0,43.71950784626447,16.67083133476888
TUN,2026Q2,ADM2,mobile,دوار هيشر,97124.47040557861,89122.87841796875,91.76150772900351,37.09448745883723,14.0,113.0,75.0,58.14020751067401,79.11647405153123,52.8635,34.42944356690838,150.6766918719282,4.37639056173275,16.537605264480092,19.802162397822034,100.0,100.0,10741.486390878406
TUN,2026Q2,ADM2,mobile,دوز الشمالية,23211.95036210645,4135.4788818359375,17.816162870083996,0.03929376911689468,4.0,33.0,14.0,127.74954848854843,119.88075410305785,94.1455,34.35926586296713,158.734,4.619830954277915,22.452872581962524,26.628589862684645,100.0,85.23459418594035,8.76049220145681
TUN,2026Q2,ADM2,mobile,رأس الجبل,64094.90784829876,38726.46170043945,60.42049672978405,11.58459142409018,41.0,571.0,211.0,90.97512391779188,99.65591030250143,83.903,44.953183566200224,147.76961569088607,3.2871891147213947,16.030422854816496,21.048835550855685,100.0,98.97152472430574,763.6884835809462
TUN,2026Q2,ADM2,mobile,رادس,75182.23997497559,59284.43005371094,78.85430132627567,39.33647361245986,32.0,346.0,214.0,64.03215235875648,65.47275813386445,67.426,14.564798554495821,111.96196908372238,7.687162212700997,13.76851781760353,18.0,97.0931226259029,80.55713833929626,3851.6202813260384
TUN,2026Q2,ADM2,mobile,رمادة,12343.248685244675,216.48856353759766,1.7539026317795225,0.00197463999439079,2.0,15.0,8.0,69.75490386574883,69.75490386574883,69.78999999999999,66.271,73.309,1.106200298773219,22.776108892647127,35.96010669593502,100.0,100.0,0.447281549652659
TUN,2026Q2,ADM2,mobile,رواد,142005.7727675438,108492.44409179688,76.40002372959405,24.864921794694048,58.0,1189.0,484.0,77.96217754486283,91.04691431196598,79.047,29.994276951004686,157.0073701756303,5.2345775973229856,20.267518249783336,19.0,100.0,90.20107509609538,2546.7058079716426
TUN,2026Q2,ADM2,mobile,زرمدين,34112.12576478741,7584.77530670166,22.234836254418134,0.4910460688225446,5.0,47.0,17.0,25.310461717251425,24.83069438414484,19.939,17.13474017326874,32.793039524656756,1.913833486417024,10.198678786662223,28.800530611881854,92.62456330256367,52.861303984422705,135.3831935885644
TUN,2026Q2,ADM2,mobile,زغوان,43377.540041290435,15864.816650390625,36.5738044049735,0.8874242097063594,15.0,183.0,70.0,59.68919001293655,56.01001321748031,52.173,13.208695970297393,88.35122698088617,6.6888682410105424,23.099228820803024,26.01591882167341,98.04907360988776,77.45718067887698,105.9494153785286
TUN,2026Q2,ADM2,mobile,ساقية الدائر,81473.0881959796,57062.554763793945,70.03853177448327,13.015118487422708,59.0,625.0,250.0,56.820936472196664,59.32776301897363,51.011,9.748210565979935,112.95756862393397,11.587518330609527,13.651684708072075,21.0,90.31198619533967,75.37224736289168,712.6989733860191
TUN,2026Q2,ADM2,mobile,ساقية الزيت,133985.95950770378,112292.09524536133,83.80885255287131,18.184840605164297,67.0,1000.0,387.0,56.33618983721041,68.04864828603816,57.365,14.214169557547695,136.61902921572832,9.611467533337809,15.235845633205251,20.128564085960853,99.34134627288908,69.76578171686977,1442.5354716030283
TUN,2026Q2,ADM2,mobile,ساقية سيدي يوسف,17431.38690991334,1211.8643226623535,6.952196798369259,0.06689588645852838,2.0,16.0,3.0,15.11481134991058,15.114811349910578,8.7285,4.15081134991058,15.581,3.753723955760037,25.587653917409817,17.4081914484548,96.59840459621,0.0,23.941964929193947
TUN,2026Q2,ADM2,mobile,سبالة أوالد عسكر,31692.88499888975,3503.73779296875,11.055281944485305,0.1691947333026936,2.0,13.0,3.0,15.6335,15.633500000000002,15.633500000000002,5.176,26.091,5.040765069551777,22.717499999999998,25.0,50.0,50.0,107.33093532640987
TUN,2026Q2,ADM2,mobile,سبيبة,20703.162565051025,2769.2519149780273,13.375984979477469,0.16593619501522106,3.0,28.0,7.0,66.53260615029461,66.95086426771981,68.559,15.587269032082085,171.77940042696656,11.020493716596931,18.062002186112718,44.28968579042839,96.20288664792191,96.20288664792191,46.24553569068471
TUN,2026Q2,ADM2,mobile,سبيطلة,12988.246288668084,758.9961614608765,5.843715499320962,0.13435647187055352,6.0,77.0,15.0,53.9531550235284,60.69032904097264,46.1815,40.45450553388179,109.75119008374642,2.712953443265465,16.934374285583832,29.631910986119067,97.22847246790961,97.22847246790961,11.64147967499532
TUN,2026Q2,ADM2,mobile,سكرة,165460.98846435547,152363.83203125,92.08444446351962,64.05943872187558,75.0,1168.0,597.0,76.0968061742334,84.85021707776566,75.307,25.811014388828987,146.35919917665476,5.670416395567895,18.375393831787775,19.0,100.0,91.49253941593328,5905.937988530986
TUN,2026Q2,ADM2,mobile,سليانة الجنوبية,30181.831522909626,4187.0712890625,13.872820428025678,0.09861390923447241,2.0,15.0,5.0,52.861000000000004,52.861,52.861000000000004,31.364,74.358,2.3708072949878845,9.7705,32.5,100.0,100.0,60.93058638497994
TUN,2026Q2,ADM2,mobile,سليانة الشمالية,39054.11439082071,15134.703125,38.753159202496896,0.44249521393751917,7.0,92.0,38.0,78.88803608907321,66.01274660249113,81.111,6.451498484544148,117.86814621778255,18.269886678290202,25.134404060359458,28.504773546099692,71.0724544223179,71.0724544223179,101.10381071240342
TUN,2026Q2,ADM2,mobile,سليمان,62774.52650091055,24782.137573242188,39.47801593196043,4.550942672143928,27.0,325.0,147.0,71.78517864991097,92.56234457141214,65.267,17.379135070877652,217.94813309331153,12.540792864803086,19.763699649572974,20.0,98.08769354662309,80.4978228419544,440.1922483151044
TUN,2026Q2,ADM2,mobile,سوسة الرياض,63390.98426818848,62428.658142089844,98.48191957072741,41.46009808285939,17.0,179.0,103.0,70.63017133256231,100.58239424916486,57.873,20.267292375719183,232.09088453780322,11.451499304162354,16.684381349868634,21.826719699275063,100.0,83.44750589651346,6285.313919524984
TUN,2026Q2,ADM2,mobile,سوسة المدينة,37266.47790527344,37266.47790527344,100.0,78.14894425534014,20.0,379.0,261.0,112.70615139527747,113.89162524473095,117.028,69.42093255108253,168.4650322010178,2.4267180807036106,18.479808543731274,24.310352403993967,100.0,100.0,5926.073505240427
TUN,2026Q2,ADM2,mobile,سوسة جوهرة,108217.40710449219,102438.52099609375,94.65992924519206,68.94205940444554,40.0,721.0,393.0,85.40483771514634,89.60112551057563,79.688,41.84335314406982,137.15346119506185,3.2777837073150455,14.9886564741364,21.0,100.0,94.03973817820773,7588.484717518901
TUN,2026Q2,ADM2,mobile,سوسة سيدي عبد الحميد,52730.61405181885,39111.329833984375,74.17195975671613,36.208579533843064,18.0,329.0,129.0,71.97036169111274,92.46366138960563,55.230000000000004,30.499077206952386,202.65506674684164,6.644629454580534,18.819610717368935,20.731612687156534,100.0,98.14762922902928,4312.57441114145
TUN,2026Q2,ADM2,mobile,سوق الأحد,15407.442814586617,4854.882751464844,31.50998390770338,0.046409579968594995,3.0,25.0,7.0,18.462344460983847,34.18679709730656,19.707,15.016,104.44558228965286,6.955619491852215,7.288276421392597,32.0,100.0,19.006802900174034,9.227214481629257
TUN,2026Q2,ADM2,mobile,سوق الجديد,72468.49275258213,5431.979511260986,7.495643009723614,0.2904650949478495,4.0,34.0,11.0,29.518783764081892,29.912541665239637,36.114,8.54716845895757,50.48352100135157,5.9064614490479626,23.12212352103316,29.78668603355443,99.15565732655047,99.15565732655047,209.23627125348332
TUN,2026Q2,ADM2,mobile,سيدي البشير,31392.549926757812,31392.549926757812,100.0,70.88165167411566,8.0,218.0,102.0,45.803315841184016,49.878168299021894,46.897999999999996,14.273,104.21311503668004,7.30141631308625,14.914921144255894,19.130359488738478,100.0,75.6236181804156,11596.187421113642
TUN,2026Q2,ADM2,mobile,سيدي الهاني,14855.77447663484,70.88895416259766,0.47718114107138465,0.07731737098699311,1.0,5.0,1.0,9.699,9.699,9.699,9.699,9.699,1.0,4.24,23.0,0.0,0.0,46.61963993436198
TUN,2026Q2,ADM2,mobile,سيدي بو علي,21462.800032805957,5611.217517852783,26.14392115323266,0.9522017347026517,5.0,36.0,10.0,159.24827280544793,161.47889994399696,139.975,50.684079569266736,238.101,4.697747340456334,39.12201646776302,15.547522648070245,98.97941741279796,98.97941741279796,166.87743537734158
TUN,2026Q2,ADM2,mobile,سيدي بوزيد الشرقية,41064.73027241691,2487.843421936035,6.05834594658744,0.09436495864565897,3.0,46.0,8.0,36.434778484307735,35.12879492990638,35.403,13.71167602664121,37.397,2.7273835764015426,16.591967084226194,29.86046746516455,95.93313435945899,95.93313435945899,51.640376893241594
TUN,2026Q2,ADM2,mobile,سيدي بوزيد الغربية,23944.179073423456,6895.442344665527,28.797990206809963,0.651434994011914,11.0,140.0,59.0,56.12048317793676,83.9973128068163,61.296,29.039275879665727,200.57788834135488,6.907124308902145,21.361919139982884,24.0,99.10156755931794,94.4775404500139,56.57121532958395
TUN,2026Q2,ADM2,mobile,سيدي ثابت,28739.449313640594,9962.086753845215,34.663457344385904,3.6564432774871607,15.0,167.0,40.0,40.01799511756906,74.15086092334698,27.216,13.569279547265603,218.57198626937446,16.10785491654343,12.11140033045442,22.836232492610492,96.26929509400544,81.61911466349775,293.0155429778974
TUN,2026Q2,ADM2,mobile,سيدي حسين,132725.3818045631,59693.24169921875,44.97500092869689,5.218551127203844,14.0,138.0,84.0,69.92361486663482,92.34876889335584,76.98249999999999,42.40655027126637,214.71239306560838,5.063189334952629,23.36540755814384,19.21627448476352,100.0,100.0,2061.865966982195
TUN,2026Q2,ADM2,mobile,سيدي علوان,115928.35666969528,23532.317504882812,20.299017583705965,0.6024527396511344,7.0,122.0,31.0,89.95576547670483,82.32833229659522,57.144,44.3634066782057,109.015,2.4573180502288956,15.312894625797904,25.15181303669936,100.0,100.0,401.3819353890615
TUN,2026Q2,ADM2,mobile,سيدي علي بن عون,26191.273351581975,4473.569885253906,17.080383321583327,0.16397938182522218,4.0,45.0,7.0,22.470458659418533,29.990121044963878,47.9105,14.011,75.103,5.360288344871886,12.656317216133019,32.57161012484966,100.0,27.628200511279292,42.609517331850796
TUN,2026Q2,ADM2,mobile,سيدي عيش,114188.07902685928,19500.37890625,17.077420929082386,0.11403696776376125,2.0,24.0,5.0,22.375429854828543,22.375429854828543,22.387500000000003,16.786,27.989,1.667401405933516,10.633645477441645,28.006464417658552,100.0,49.89225970569082,257.8073475284307
TUN,2026Q2,ADM2,mobile,سيدي مخلوف,34871.91056375924,410.0704040527344,1.1759332867723673,0.11834178607858765,3.0,31.0,6.0,36.52023078772644,26.242118151440476,35.503,2.374,39.485,16.632266217354676,14.808440881938623,26.0,65.92615701485735,65.92615701485735,52.926131634560164
TUN,2026Q2,ADM2,mobile,صفاقس الجنوبية,48422.70511704683,30383.094053268433,62.74555289678003,8.228629986453468,64.0,639.0,308.0,76.98359489105785,85.21606175659021,65.738,27.995831611259852,164.3955883954683,5.872145206408114,18.44936500216976,22.0,98.82972731916149,94.82643199303148,246.82060211172433
TUN,2026Q2,ADM2,mobile,صفاقس الغربية,122774.71899414062,113117.865234375,92.1344932907348,79.51606843474801,51.0,798.0,380.0,76.97041171873265,83.82169969337693,74.793,42.42076437988414,137.7819695094673,3.247984130498207,19.303984832887945,22.0,100.0,98.18646729691632,7580.415323269086
TUN,2026Q2,ADM2,mobile,صفاقس المدينة,104689.60815244913,100115.14910888672,95.6304554728096,55.15620734305009,63.0,1065.0,668.0,80.97637838349831,85.1314163421904,81.496,33.27098790665752,148.01262801819163,4.448699522642499,20.506778808745032,21.0,100.0,93.75175490087882,3630.7402563168757
TUN,2026Q2,ADM2,mobile,صواف,14180.31666241835,1606.2279052734375,11.327165277841594,0.09612361628768942,1.0,6.0,1.0,19.778,19.778,19.778,19.778,19.778,1.0,13.001,33.0,100.0,0.0,56.02639341946788
TUN,2026Q2,ADM2,mobile,صيادة - لمطة - بوحجر,37515.818099975586,24634.534118652344,65.66439269164805,21.269450037525626,11.0,118.0,47.0,30.72862856495153,36.60985235303931,26.271,5.875548760420189,91.72629613488817,15.611528365280451,14.531574824952719,24.0,73.17115599338004,61.150013491135,2939.2515633642033
TUN,2026Q2,ADM2,mobile,طبربة,48838.36014918972,19000.622009277344,38.90511874525456,0.5846824223377052,7.0,77.0,31.0,129.956059127042,130.12097377714534,91.297,55.49234517265853,195.261,3.5187015324810322,28.72052069600547,17.844318281664233,100.0,100.0,170.30608126734703
TUN,2026Q2,ADM2,mobile,طبرقة‎,55975.36119354147,18437.756240844727,32.939057198923635,1.4045326297321177,22.0,251.0,108.0,49.84260057440391,61.81369552088447,33.658500000000004,18.350690071945433,149.2271074566301,8.131961624961928,15.387620954707572,24.0,100.0,76.35137201354755,149.61313630001487
TUN,2026Q2,ADM2,mobile,طبلبة,37713.68193435669,22696.23095703125,60.180363711333285,12.605830644059168,12.0,119.0,64.0,48.04486346863005,71.67413605524054,44.8455,25.034456363287077,159.58171295339127,6.374482858250406,16.213791879907276,27.082703006299376,97.48126748571127,89.36032569335995,1604.1809944408164
TUN,2026Q2,ADM2,mobile,طينة,56246.152787119354,17073.102584838867,30.354258449386233,2.9642429658323324,12.0,111.0,42.0,156.96870582937618,143.78823963019738,110.543,27.190482267510156,242.68130589272772,8.925229920717774,24.640824063934357,20.838433474974778,100.0,93.45202142129496,549.5835739326878
TUN,2026Q2,ADM2,mobile,عمدون,21657.17177939607,2816.863037109375,13.006606152467457,0.09941059303689814,1.0,8.0,5.0,432.086,432.086,432.086,432.086,432.086,1.0,52.022,18.0,100.0,100.0,89.72318979127819
TUN,2026Q2,ADM2,mobile,عين دراهم,35368.777107156646,11291.394660949707,31.924752803129756,1.0780734641493486,22.0,422.0,116.0,60.75989017749219,70.17937946006181,51.6295,33.70498207734518,145.9742506288976,4.330939867996971,21.20943598678247,23.0,95.683321614515,95.683321614515,72.27799427728208
TUN,2026Q2,ADM2,mobile,غار الدماء,65562.14040389773,13951.821044921875,21.280301343078825,0.47666192119213596,10.0,261.0,31.0,107.51948753242121,155.12640183998113,136.35500000000002,65.10894594461125,296.1406014581171,4.548385742721845,22.81160859247728,21.288716225856017,100.0,100.0,129.24113935541197
TUN,2026Q2,ADM2,mobile,غار الملح,20788.772518634796,6560.350646972656,31.55718136360403,2.291127574341493,9.0,117.0,34.0,143.5394164641044,133.89047510389494,131.846,35.59489579038925,234.5999409883921,6.590830954244145,20.175931321127617,21.892852189498857,100.0,94.50618801535492,222.82709148341573
TUN,2026Q2,ADM2,mobile,غزالة,27032.797446984827,1477.0162963867188,5.463793746405115,0.17547395263498336,3.0,32.0,8.0,62.23081774925361,57.28005040960667,69.044,36.15,73.27,2.026832641770401,29.517774041591572,21.0,100.0,100.0,66.43873583635546
TUN,2026Q2,ADM2,mobile,غمراسن,9956.572732892833,2267.5841369628906,22.774745866834593,0.1905667754171136,5.0,62.0,20.0,58.67246240482197,53.8315397363575,46.124,36.89353869608298,60.956,1.6522134269129287,21.843939472822914,28.0,100.0,100.0,14.442501186688956
TUN,2026Q2,ADM2,mobile,غنوش,10238.05735206604,2959.8438606262207,28.910209806833365,3.824230956722866,3.0,25.0,13.0,125.29732685695295,134.09742114069616,49.215,48.521,163.448,3.368603285175491,28.079942322530904,21.78262331001239,100.0,100.0,507.0743396863784
TUN,2026Q2,ADM2,mobile,فرنانة,47644.984255122756,5083.078048706055,10.668653013899412,0.5540318015611886,9.0,146.0,31.0,51.15234967249346,79.88713950348482,33.265,8.806865341149422,166.0177086139893,18.850942098351833,18.143418517695732,27.47676529896261,86.34214807604589,78.88396522907075,121.94434196693896
TUN,2026Q2,ADM2,mobile,فريانة,44890.33978881064,7026.29296875,15.652126942691071,0.07490828826468623,3.0,38.0,14.0,29.833,47.66949693064861,29.833,4.935,118.248,23.961094224924015,23.101,38.219076160191605,71.91854632515924,71.91854632515924,44.61328572303415
TUN,2026Q2,ADM2,mobile,فوسانة,25523.29140734815,2376.9140625,9.312725481070544,0.08156628125011879,3.0,26.0,12.0,83.275,86.61366666666667,83.275,63.961,112.605,1.760525945498038,23.659,24.0,100.0,100.0,27.8981560453918
TUN,2026Q2,ADM2,mobile,فوشانة,89565.45497894287,65682.91620635986,73.33510025913688,24.788714031342025,40.0,608.0,265.0,52.11891363711522,60.88562641407713,49.075,15.982861536551383,122.46184646700715,7.66207266370592,18.896463557935345,19.0,94.3378776423176,78.91350979703292,2309.4244982293976
TUN,2026Q2,ADM2,mobile,قابس الجنوبية,33877.43893579402,24150.486938476562,71.28781778412353,2.284886523986,26.0,257.0,129.0,43.26687688662981,64.22609857488877,60.954499999999996,24.420763211367664,139.83075398208555,5.72589614713579,22.489911713146274,24.0,100.0,83.29314102811227,115.4638106804411
TUN,2026Q2,ADM2,mobile,قابس الغربية,34063.63491164385,11324.002502441406,33.24367035935605,0.8346975683170762,5.0,72.0,19.0,56.56906201571659,79.50450072927671,54.515,22.56000851009808,215.5362984460538,9.553910334279246,27.294269210408785,31.103541392015874,100.0,93.34183614029324,220.66168923597988
TUN,2026Q2,ADM2,mobile,قابس المدينة,83375.16030883789,49700.154235839844,59.61026527774071,27.605264330542195,18.0,184.0,113.0,61.77363635891578,64.50072360003708,53.870999999999995,36.16949602157227,109.2167567602584,3.0195819343216495,23.138522139775006,30.77247447322816,100.0,97.46172094344453,4962.9299036691855
TUN,2026Q2,ADM2,mobile,قبلاط,16581.26305459314,1578.4306640625,9.519363264822353,0.0583372954811223,1.0,12.0,2.0,31.026,31.025999999999996,31.026,31.026,31.026,1.0,28.941,30.0,100.0,100.0,40.072751062119565
TUN,2026Q2,ADM2,mobile,قبلي الجنوبية,24319.804988489766,176.1567850112915,0.7243346938623239,0.04540865837992608,2.0,16.0,5.0,54.158999981436146,54.158999981436146,46.966,41.31419998143615,54.994,1.3311161785708219,16.42690762894746,27.0,100.0,100.0,21.249351894051163
TUN,2026Q2,ADM2,mobile,قبلي الشمالية,50538.62721689618,12587.2416305542,24.906180329223517,0.14164907373236113,10.0,122.0,46.0,63.557672334549785,86.32310947068594,59.611000000000004,24.623965131396925,188.121,7.639752533605373,23.926988851184756,29.0,100.0,89.71073406201087,27.672066025892182
TUN,2026Q2,ADM2,mobile,قربة,78103.71889597178,28437.335342407227,36.40970717448627,2.919749986537747,25.0,289.0,121.0,72.90855094928271,74.9985325381638,69.411,13.582499312428018,156.60946903731397,11.530239423168307,15.600538957502122,20.0,100.0,73.77047731221062,378.2692972630323
TUN,2026Q2,ADM2,mobile,قرمبالية,81175.68037480714,29500.32585144043,36.34133488654547,1.7506387559622931,22.0,230.0,91.0,54.801362032560306,67.51936592538907,39.725,14.545103079401112,148.21252693927133,10.189857447567427,13.330219834352222,23.0,88.78880100636162,82.12493165433841,268.1391481372591
TUN,2026Q2,ADM2,mobile,قصر هلال,29294.907300949097,21505.158813476562,73.40920588193784,25.910425404966382,23.0,320.0,165.0,75.63960049568676,79.84846176131778,72.983,11.18380991816732,167.70882769421848,14.995679372356568,12.671310944543464,22.0,90.41341459994133,79.6911496528075,1336.5552503969573
TUN,2026Q2,ADM2,mobile,قصور الساف,54657.85226243736,18279.716621398926,33.443898478904075,2.5822113259262935,23.0,308.0,101.0,67.05952042934858,63.57350391986246,58.371,16.231342141654345,104.27769323191536,6.424465230408056,13.55925091186628,25.320511664590544,100.0,77.02048277564508,247.01073787555157
TUN,2026Q2,ADM2,mobile,قصيبة المديوني,83702.46408820152,69592.60424804688,83.14283815433872,15.446077493193702,23.0,292.0,118.0,19.715179510408408,83.18148146393314,40.438,10.226942234091826,331.4686416576695,32.411314552331056,13.341025621304892,27.0,90.57281528922759,46.11580036085878,2277.886580372742
TUN,2026Q2,ADM2,mobile,قعفور,17875.81532392253,186.25617218017578,1.0419450458906687,0.10529352621381412,2.0,25.0,2.0,35.08295285198617,35.08295285198617,37.546499999999995,29.061,46.032,1.5839785279240217,22.41675947468741,23.35483783230135,100.0,100.0,38.67150923637203
TUN,2026Q2,ADM2,mobile,قفصة الجنوبية,28676.374809635094,21043.283296585083,73.38195094839764,1.3560038470170332,40.0,637.0,277.0,64.47563030524383,72.87776662074224,61.669,30.08589510820304,135.02872652504698,4.488107335328403,18.323025833535482,25.94525332284374,96.6466570398741,92.46855231263955,38.21344011318876
TUN,2026Q2,ADM2,mobile,قفصة الشمالية,41135.624912659805,47.14527893066406,0.11460936604406546,0.04742534504807658,1.0,7.0,1.0,19.874,19.874,19.874,19.874,19.874,1.0,13.344,22.0,100.0,0.0,76.91615518882767
TUN,2026Q2,ADM2,mobile,قلعة الأندلس,30009.753984935644,12021.023834228516,40.05705558353745,1.2594260593491673,10.0,148.0,72.0,48.43945609029021,63.662219438181715,55.3865,18.15172344636219,136.8730668733335,7.5404997920880295,20.723050350102724,20.0,93.52641680330011,59.48941271001017,158.44522723147574
TUN,2026Q2,ADM2,mobile,قليبية,64147.84935584701,38195.246032714844,59.542520000685556,3.8085419972440917,20.0,279.0,130.0,44.48392391107564,62.14292011339583,44.68,14.793237685784945,120.4188687773804,8.14012938446144,14.541073094002998,21.0,98.6398798958006,80.91028693679668,510.14858308185677
TUN,2026Q2,ADM2,mobile,كسرى,16895.464438069335,989.0970458984375,5.854216375785304,0.05654890189467489,1.0,5.0,2.0,4.117,4.117,4.117,4.117,4.117,1.0,5.138,35.0,0.0,0.0,38.83937830963245
TUN,2026Q2,ADM2,mobile,كندار,12238.993430585579,3433.7134399414062,28.05552155425186,0.769447835237593,5.0,37.0,8.0,63.66643972338946,56.44432841790549,36.169,32.25216212705294,72.691,2.2538333930495527,45.0349254696107,17.0,100.0,95.45376646922409,76.84640544431782
TUN,2026Q2,ADM2,mobile,ماجل بالعباس,22798.41918120402,1981.3814697265625,8.690872178366197,0.028477324304570742,1.0,9.0,4.0,247.42,247.42,247.42,247.42,247.42,1.0,71.232,17.0,100.0,100.0,25.717507002401486
TUN,2026Q2,ADM2,mobile,مارث,62749.679427745265,4840.518356323242,7.714012884953431,0.15552215780377507,6.0,71.0,14.0,74.2811926587968,91.89460855357848,44.812,17.49815919177427,201.141,11.494980574559785,25.698821210361572,28.075119201154035,100.0,60.14326229012463,62.721979593658666
TUN,2026Q2,ADM2,mobile,ماطر,48325.566232494086,21702.21990966797,44.90836135319902,0.58929810842543,14.0,150.0,80.0,56.6346515631671,106.28523482630894,53.594,24.832040385873988,202.42780124023434,8.151879511092769,18.647459977494133,24.0,100.0,91.50179136312128,85.38249815919082
TUN,2026Q2,ADM2,mobile,مجاز الباب,46328.03697306722,18786.85191345215,40.5517978764649,0.8325184099054618,16.0,620.0,69.0,53.026982804360806,67.40365525866817,37.1905,13.498961919742442,158.27161417815637,11.72472484322529,22.467593261181445,23.25078102531173,90.12355225337753,80.5465637092247,100.16059701284064
TUN,2026Q2,ADM2,mobile,مدنين االجنوبية,90918.35056567412,32121.119791030884,35.32963322715413,0.5327997165028813,15.0,180.0,74.0,58.46439194388862,68.82494634431444,50.233,25.099509669569926,153.2670430952995,6.106375985548314,18.7206094717691,33.462125319237586,99.91353165945401,92.35084391514063,123.83464417192813
TUN,2026Q2,ADM2,mobile,مدنين الشمالية,27002.026646301216,12255.321066856384,45.386671257637396,1.3270549533081182,17.0,172.0,66.0,30.502041425519216,55.293429848322965,31.808,16.082391906799607,132.55992970424546,8.242550640007682,15.775558315873143,26.0,100.0,69.3163398864825,80.7749207165935
TUN,2026Q2,ADM2,mobile,مرناق,69481.48681336126,21576.84185028076,31.054087699993698,1.501937542680001,25.0,299.0,112.0,79.79540596161088,88.23004435501443,58.806,26.083195922735598,177.68351729483416,6.812183515439345,15.83913488807704,19.0,100.0,90.51348601342505,173.53525602912532
TUN,2026Q2,ADM2,mobile,مساكن,107917.90605598704,62059.980098724365,57.50665701994634,3.18631840762162,43.0,659.0,277.0,58.332377328685425,82.23985788644055,56.589,24.855320436436397,175.05333616838755,7.042891948066376,16.257477453493756,22.0,98.28390427245066,89.13845265112032,324.5667128456529
TUN,2026Q2,ADM2,mobile,مطماطة,68159.76384775719,13876.0283203125,20.3580933045869,0.041689296822913745,2.0,15.0,8.0,59.551500000000004,59.551500000000004,59.551500000000004,54.569,64.534,1.1826128387912551,15.541999999999998,28.0,100.0,100.0,54.69953132284464
TUN,2026Q2,ADM2,mobile,مطماطة الجديدة,61225.15652575866,10619.73486328125,17.34537805356743,0.06888929138952947,2.0,12.0,5.0,2.5739595381755582,2.5739595381755582,2.372,1.261,3.483,2.7620935765265666,0.6748605589341445,67.13583555674671,0.0,0.0,81.40756539569342
TUN,2026Q2,ADM2,mobile,مقرين,24697.796759605408,24633.9443359375,99.74146510197079,47.21708726578074,21.0,264.0,139.0,56.56366718963962,93.2998167017117,57.639,16.915875097803216,242.82960914357247,14.355131362675266,19.258702464646714,18.0,100.0,82.10389820081947,2314.5057136111686
TUN,2026Q2,ADM2,mobile,مكثر,30149.12713034756,3647.157470703125,12.097058249596762,0.07145211764914111,1.0,5.0,2.0,18.493,18.493,18.493,18.493,18.493,1.0,5.845,62.0,100.0,0.0,87.70038022603998
TUN,2026Q2,ADM2,mobile,ملولش,100275.8781619072,3259.546142578125,3.2505785063434742,0.15567711693473382,1.0,7.0,3.0,7.737,7.737,7.737,7.737,7.737,1.0,16.88,26.0,0.0,0.0,624.7174470446255
TUN,2026Q2,ADM2,mobile,منزل الحبيب,4649.053019269202,254.41403198242188,5.4723839656794,0.02682635098171966,1.0,6.0,1.0,111.545,111.545,111.545,111.545,111.545,1.0,25.411,217.0,100.0,100.0,4.878973127422948
TUN,2026Q2,ADM2,mobile,منزل بورقيبة,65397.00153267494,36517.484130859375,55.83969184369071,3.7170308617971215,20.0,243.0,95.0,35.35707665676742,51.305690812635135,30.869500000000002,17.723987802167528,85.10377801613103,4.801615695409325,22.38968871003915,20.0,92.58767881382269,69.48965127103104,511.6616941873895
TUN,2026Q2,ADM2,mobile,منزل بوزلفة,43831.670268595626,16103.434936523438,36.739268291268324,1.437835550148115,8.0,114.0,51.0,91.31423543301469,105.77005837161705,67.43599999999999,45.48660658260992,177.422,3.9005327794188664,26.61152693619775,19.614749827942315,99.12708044740833,98.76994811551019,327.66094981864387
TUN,2026Q2,ADM2,mobile,منزل بوزيان,24521.063653806334,2437.0030364990234,9.938406713938507,0.18249034033564368,4.0,42.0,8.0,24.48577507532677,31.292083172897623,52.590500000000006,19.313,76.2300783053661,3.9470863307288413,24.051616818019884,44.826328300238615,100.0,77.69270503875205,44.187566169948205
TUN,2026Q2,ADM2,mobile,منزل تميم,73136.403723572,23527.065628051758,32.16874829800927,1.0934258235289864,12.0,222.0,80.0,70.12941585678709,64.03982161339574,75.3925,12.248493479540418,124.02195639950807,10.125486583853867,11.9931710064084,27.14527056265095,100.0,68.09024889029976,277.8532968428733
TUN,2026Q2,ADM2,mobile,منزل جميل,52071.15077859214,29344.312072753906,56.3542607259184,4.167975263708855,14.0,160.0,42.0,92.17346010407451,119.64723444002315,63.7515,28.03220221161386,235.87808244845993,8.41453984484796,28.2446396928335,19.33315318520612,91.41921887566014,91.41921887566014,653.9987064416758
TUN,2026Q2,ADM2,mobile,منوبة‬,71877.39859008789,69303.9848022461,96.419717688285,61.78354670837677,31.0,538.0,291.0,80.32752839485705,84.15144107902253,77.476,31.5586854771049,116.62972085132195,3.6956457180681412,16.82793160544246,18.0,98.33326334231151,92.31422653155857,5976.497640139117
TUN,2026Q2,ADM2,mobile,منيهلة,121817.57667922974,101767.25085449219,83.5406955454925,32.15393724613856,31.0,453.0,211.0,64.10146437763981,68.30957936084775,68.393,12.649203467574845,119.30726384362862,9.431998160948444,19.953217948418697,18.077363633117198,100.0,83.9233384286402,5277.69410092245
TUN,2026Q2,ADM2,mobile,نابل,90311.8038517237,75740.57885742188,83.86564726552771,13.078544216084408,40.0,589.0,324.0,70.73939675952519,76.91763795723472,69.1445,18.189404618861538,124.87751963645982,6.865398964569068,15.575284739064262,21.0,97.72064469922623,86.90174908933466,1220.467667472318
TUN,2026Q2,ADM2,mobile,نبر,26490.056370598162,3191.481170654297,12.047845901138153,0.16876800124601382,5.0,85.0,19.0,46.23417120391156,46.78555650497992,42.064,27.9125700857459,93.28886390093778,3.3421810895363433,17.72357629098678,26.70493761423115,100.0,100.0,36.835373924956514
TUN,2026Q2,ADM2,mobile,نصر الله,77629.15647185422,8878.567337036133,11.437155497438916,0.21765173149630712,6.0,57.0,11.0,17.448766959207383,25.39419659613121,26.1725,1.7209449515872768,68.37824343108623,39.73296378133364,9.506297627907983,25.674427443799807,83.60963751384944,17.985403331557613,113.31066542804375
TUN,2026Q2,ADM2,mobile,نفزة,47363.222261908755,5131.073570251465,10.833455422179041,0.2786601960152974,7.0,93.0,22.0,65.49783401540124,71.33439970462577,54.558,19.558796560138045,214.01143010267862,10.941952867327545,28.654576834593847,24.80233956037973,100.0,83.66626836326445,78.99526258028374
TUN,2026Q2,ADM2,mobile,نفطة,34390.81192074167,20620.28466796875,59.95870267759603,0.10992738961143081,7.0,81.0,34.0,63.691568526769146,118.05571024186331,71.255,24.092782524654773,313.8493420812456,13.026695515973524,25.311577142905424,28.38471380486613,93.88974060665338,93.88974060665338,20.95216770879468
TUN,2026Q2,ADM2,mobile,هبيرة,57643.63413669724,1241.776123046875,2.1542294160394238,0.07908807995504172,1.0,6.0,1.0,7.783,7.783,7.783,7.783,7.783,1.0,27.955,27.0,0.0,0.0,182.52260641933833
TUN,2026Q2,ADM2,mobile,هرقلة,10167.170485377408,2766.5761108398438,27.210875580563727,0.8695613004769939,3.0,44.0,16.0,92.78617860661134,92.78617860661133,108.734,37.428,108.734,2.9051512236828043,21.022184281875344,21.789226308404753,100.0,100.0,120.49370268790118
TUN,2026Q2,ADM2,mobile,واد مليز,18045.4808786518,1480.683193206787,8.205285318600003,0.3630811375755417,3.0,38.0,11.0,158.1582894860923,152.73638935589227,145.059,45.562424221038846,173.828,3.815161352185765,47.22203396752423,23.0,95.72369231488219,95.72369231488219,90.29445175253011
TUN,2026Q2,ADM2,mobile,وادي اللیل‬,79747.44778442383,51207.662017822266,64.21228947194481,7.963938019416634,19.0,293.0,86.0,81.65041444243332,83.95476542236817,59.901,31.082112129734714,152.84634105548,4.917501758487625,22.12203397731056,23.0,100.0,94.659137705346,1395.3843841985147
TUN,2026Q2,ADM2,mobile,‫الصخیرة‬,17169.30031101052,101.00964784622192,0.5883154585015054,0.19619189084046731,7.0,58.0,9.0,52.05632158399352,52.052619117620644,62.363,6.5230720377692855,112.2211106539894,17.203720885530185,41.43291193800725,24.58828826030718,75.40615292968266,75.40615292968266,18.865247015921113
TUN,2026Q2,ADM2,mobile,‫المحرس‬,107491.06098463385,28894.10774230957,26.880474969393095,0.41090441221688834,7.0,78.0,26.0,77.99077346850713,115.99342342153653,67.102,11.934888234136071,344.300433917507,28.848232774626382,27.51499214741295,22.0,100.0,70.24808924633564,248.59581713858006
TUN,2026Q2,ADM2,mobile,‫عقارب‬,33020.99127697126,3871.4382934570312,11.724173453741713,0.17188126324103448,5.0,48.0,14.0,138.9444462034432,141.69324164139655,69.79,58.04515418796648,212.223,3.656170837495968,27.066902802895086,21.409449737594386,100.0,96.5799524812097,44.944265504834746
